id,oai_identifier,oai_datestamp,auth_name,auth_date,auth_activity,auth_occupation,auth_biography,auth_datestamp,nkp_aut_url,cover,ts,harvest_max_eshop,harvest_last_time,viafID
hka0111824,oai:aleph-nkp.cz:AUT10-000110734,2012-06-30T22:27:41Z,"Vernerová, Michaela,",1973-,NULL,NULL,"Narozena 15.9.1973 Slané. Vysokoškolská studentka, sportovkyně, judistka.",19990212000000.0,http://aleph.nkp.cz/F/?func=direct&doc_number=000110734&local_base=AUT,1387079,"2016-03-05 21:58:25",7040,"2016-08-24 04:21:34",83653390
hka2009498642,oai:aleph-nkp.cz:AUT10-000498642,2014-08-27T00:01:20Z,"Domšová, Václava,",1957-2014,NULL,NULL,"Narozena 23. 9. 1957 v Ledči nad Sázavou, zemřela 6. 7. 2014. Ing., politička, civilním povoláním zootechnička.",20140826121415.0,http://aleph.nkp.cz/F/?func=direct&doc_number=000498642&local_base=AUT,1387079,"2016-03-06 10:37:27",7040,"2016-08-24 04:23:24",103095161
hka2010616099,oai:aleph-nkp.cz:AUT10-000616099,2014-10-24T00:00:46Z,"Šánová, Zuzana,",1959-,NULL,NULL,"Narozena 24. 5. 1959. Ing., ekonomka, odborná lektorka v oboru účetnictví, vysokoškolská pedagožka, publikace z oboru, též politička.",20141023075519.0,http://aleph.nkp.cz/F/?func=direct&doc_number=000616099&local_base=AUT,1387079,"2016-03-06 10:43:36",7040,"2016-08-24 04:40:47",160539147
hka2011637152,oai:aleph-nkp.cz:AUT10-000637152,2015-04-28T11:53:53Z,"Maclová, Aneta,",1960-,NULL,NULL,"Narozena 9. 2. 1960 v Trenčíně. Redaktorka Hradeckých novin. Od r. 1998 ředitelka Oblastní charity v Hradci Králové. Od r. 2010 členka zastupitelstva města. Fotografka.",20150428135250.0,http://aleph.nkp.cz/F/?func=direct&doc_number=000637152&local_base=AUT,1387079,"2016-03-06 11:00:56",7040,"2016-08-24 04:46:38",171297419
hka2012678533,oai:aleph-nkp.cz:AUT10-000678533,2015-05-29T09:52:07Z,"Jehličková, Jaroslava,",1942-,NULL,"běžkyně, atletky","Narozena 24. 3. 1942 v Hořicích (okr. Jičín). Bývalá sportovkyně, atletka, běžkyně.",20150529115113.0,http://aleph.nkp.cz/F/?func=direct&doc_number=000678533&local_base=AUT,1387079,"2016-03-06 11:13:36",7040,"2016-08-24 04:56:55",222815806
jk01012744,oai:aleph-nkp.cz:AUT10-000002473,2012-06-30T22:26:51Z,"Bosáková, Eva,",1931-1991,NULL,NULL,"Narozena 18.12.1931 v Mladé Boleslavi, zemřela 11.1.1991 v Praze. Gymnastka, práce z oboru.",19990826000000.0,http://aleph.nkp.cz/F/?func=direct&doc_number=000002473&local_base=AUT,1387079,"2016-03-05 21:50:33",7040,"2016-08-24 04:05:25",83672632
jk01023195,oai:aleph-nkp.cz:AUT10-000006040,2012-06-30T22:27:03Z,"Dubská, Gabriela,",1915-2003,NULL,NULL,"Narozena 8.3.1915 v Břeclavi, zemřela 22.8.2003 v Kosoři. Akademická malířka, ilustrátorka, textilní návrhářka.",20070528101859.0,http://aleph.nkp.cz/F/?func=direct&doc_number=000006040&local_base=AUT,1387079,"2016-03-05 21:51:48",7040,"2016-08-24 05:19:32",114358524
jk01031114,oai:aleph-nkp.cz:AUT10-000007270,2012-06-30T22:27:07Z,"Fikejzová, Jiřina,",1927-,NULL,NULL,"Narozena 13.4.1927 v Lomu u Mostu. PhDr., skladatelka textů a tanečních písní.",20000926000000.0,http://aleph.nkp.cz/F/?func=direct&doc_number=000007270&local_base=AUT,1387079,"2016-03-05 21:52:28",7040,"2016-08-24 05:41:53",8256518
jk01032058,oai:aleph-nkp.cz:AUT10-000008143,2012-06-30T22:27:11Z,"Frýbová, Zdena,",1934-2010,NULL,NULL,"Narozena 30. 8. 1934 v Praze, zemřela 22. 2. 2010 tamtéž. Spisovatelka a novinářka.",20100223154648.0,http://aleph.nkp.cz/F/?func=direct&doc_number=000008143&local_base=AUT,1387079,"2016-03-05 21:52:57",7040,"2016-08-24 06:00:03",17299106
jk01032095,oai:aleph-nkp.cz:AUT10-000008132,2012-06-30T22:27:11Z,"Fryšová, Emilie,",1840-1920,NULL,NULL,"Narozena 23.7.1840 v Praze, zemřela 17.1.1920 v Písku. Učitelka, etnografka, literatura z oboru, učebnice dějepisu.",19980319000000.0,http://aleph.nkp.cz/F/?func=direct&doc_number=000008132&local_base=AUT,1387079,"2016-03-05 21:52:55",7040,"2016-08-24 06:00:48",83713658
jk01040187,oai:aleph-nkp.cz:AUT10-000009495,2015-04-24T23:01:41Z,"Hauptová, Zoe,",1929-2012,NULL,NULL,"Narozena 9. 2. 1929 v Brně, zemřela 23. 1. 2012. Doc., PhDr., CSc., filoložka, slavistka a vysokoškolská pedagožka zaměřená na oblast paleoslavistiky, staroslověnštiny a církevní slovanštiny, překladatelka byzantských legend, editorka staroslověnských písemných památek, spoluvydavatelka korespondence P. J. Šafaříka s F. Palackým.",20120127130557.0,http://aleph.nkp.cz/F/?func=direct&doc_number=000009495&local_base=AUT,1387079,"2016-03-06 11:00:21",7040,"2016-08-24 06:33:36",53739387
jk01042181,oai:aleph-nkp.cz:AUT10-000011426,2015-09-11T00:01:12Z,"Horelová, Eliška,",1925-2015,"pedagogika, literatura pro děti a mládež",spisovatelky,"Narozena 23. 5. 1925 v Cerhenicích u Kolína, zemřela 30. 8. 2015 v Praze. PaedDr., CSc., odborná asistentka na katedře pedagogiky FF UK v Praze, beletristka, zejména pro mládež, autorka rozhlasové hry.",20150910123212.0,http://aleph.nkp.cz/F/?func=direct&doc_number=000011426&local_base=AUT,1387079,"2016-03-06 11:21:34",7040,"2016-08-24 03:41:29",51289148
jk01051707,oai:aleph-nkp.cz:AUT10-000014106,2012-06-30T22:27:31Z,"Jilemnická, Růžena,",1897-1947,NULL,NULL,"Narozena 15.2.1897 v Brně, zemřela 19.8.1947 ve Svätém Juru (Slovensko). Učitelka, beletristka.",20080128143210.0,http://aleph.nkp.cz/F/?func=direct&doc_number=000014106&local_base=AUT,1387079,"2016-03-05 21:56:32",7040,"2016-08-24 04:39:26",27883944
jk01061906,oai:aleph-nkp.cz:AUT10-000017400,2012-06-30T22:27:41Z,"Kořínková, Květoslava,",1940-,NULL,NULL,"Narozena 10.7.1940 v Českém Brodě. Ing., CSc., odborná literatura z oboru logistiky v dopravě, o reformě státní kontroly.",20000926000000.0,http://aleph.nkp.cz/F/?func=direct&doc_number=000017400&local_base=AUT,1387079,"2016-03-05 21:58:27",7040,"2016-08-24 05:50:28",83782188
jk01082123,oai:aleph-nkp.cz:AUT10-000024145,2012-06-30T22:28:03Z,"Moserová, Jaroslava,",1930-2006,NULL,NULL,"Narozena 17.1.1930 v Praze, zemřela 23.3.2006. Doc., MUDr., DrSc., vědecká pracovnice, překladatelka z angličtiny, grafička a scénáristka. Překládala hlavně D. Francise a Bronowského, ilustrace dětských knih, odborné práce z oboru léčby popálenin.",20060324105117.0,http://aleph.nkp.cz/F/?func=direct&doc_number=000024145&local_base=AUT,1387079,"2016-03-05 22:02:18",7039,"2016-08-07 13:36:53",71423843
jk01090237,oai:aleph-nkp.cz:AUT10-000025441,2012-06-30T22:28:07Z,"Nohejlová-Prátová, Emanuela,",1900-1995,NULL,NULL,"Narozena 3.6.1900 v Opatovicích u Pardubic, zemřela 19.11.1995 v Pardubicích. PhDr., CSc., profesorka filosofické fakulty, numismatička, publikace a redakční činnost v oboru.",19980422000000.0,http://aleph.nkp.cz/F/?func=direct&doc_number=000025441&local_base=AUT,1387079,"2016-03-05 22:02:53",7039,"2016-08-07 14:02:36",39400592
jk01091902,oai:aleph-nkp.cz:AUT10-000027250,2012-06-30T22:28:13Z,"Pátková, Eva,",1938-,NULL,NULL,"Narozena 9.10.1938 v Praze. PhDr., germanistka, překladatelka z němčiny.",20000926000000.0,http://aleph.nkp.cz/F/?func=direct&doc_number=000027250&local_base=AUT,1387079,"2016-03-05 22:03:40",7039,"2016-08-07 14:36:16",10519451
jk01092417,oai:aleph-nkp.cz:AUT10-000027440,2015-02-11T10:27:15Z,"Pelantová, Růžena,",1886-1959,NULL,NULL,"Narozena 13. 3. 1886 v Sulislavi u Plzně, zemřela 1. 9. 1959 v New Yorku (USA). Učitelka, pracovnice Československého červeného kříže, sociální pracovnice, funkcionářka národně socialistické strany, zakladatelka a předsedkyně Společnosti přátel USA (SPUSA).",20150211112613.0,http://aleph.nkp.cz/F/?func=direct&doc_number=000027440&local_base=AUT,1387079,"2016-03-06 10:53:22",7039,"2016-08-07 14:45:09",83856471
jk01102140,oai:aleph-nkp.cz:AUT10-000030409,2012-06-30T22:28:24Z,"Rázlová, Regina,",1947-,NULL,NULL,"Narozena 16.7.1947 v Brné u Ústí nad Labem. Herečka, autorka televizní hry.",19980512000000.0,http://aleph.nkp.cz/F/?func=direct&doc_number=000030409&local_base=AUT,1387079,"2016-03-05 22:05:06",7039,"2016-08-07 15:48:55",83878202
jk01122713,oai:aleph-nkp.cz:AUT10-000035879,2012-06-30T22:28:44Z,"Šejbalová, Jiřina,",1905-1981,NULL,NULL,"Narozena 17.9.1905 v Praze, zemřela 23.8.1981 tamtéž. Herečka, kuchařské předpisy, memoáry.",19980525000000.0,http://aleph.nkp.cz/F/?func=direct&doc_number=000035879&local_base=AUT,1387079,"2016-03-05 22:07:37",7039,"2016-08-07 17:43:12",83918418
jk01131441,oai:aleph-nkp.cz:AUT10-000037440,2013-04-18T11:44:21Z,"Štíplová, Ljuba,",1930-2009,NULL,NULL,"Narozena 30. 4. 1930, zemřela 24. 9. 2009 v Praze. Scenáristka, spisovatelka, autorka knížek pro děti.",20130418134256.0,http://aleph.nkp.cz/F/?func=direct&doc_number=000037440&local_base=AUT,1387079,"2016-03-06 10:02:43",7039,"2016-08-07 18:17:49",17292795
jn19981000821,oai:aleph-nkp.cz:AUT10-000046698,2012-06-30T22:29:22Z,"Dvorská, Milena,",1938-2009,NULL,NULL,"Narozena 7. 9. 1938 v Prostějově, zemřela 22. 12. 2009 v Praze. Herečka.",20091223104127.0,http://aleph.nkp.cz/F/?func=direct&doc_number=000046698&local_base=AUT,1387079,"2016-03-05 22:12:51",7039,"2016-08-07 20:53:20",78529899
jn19981001104,oai:aleph-nkp.cz:AUT10-000047046,2012-06-30T22:29:23Z,"Fialová, Vlasta,",1928-1998,NULL,NULL,"Narozena 20.1.1928 v Brně, zemřela 13.1.1998. Herečka.",20030311091021.0,http://aleph.nkp.cz/F/?func=direct&doc_number=000047046&local_base=AUT,1387079,"2016-03-05 22:13:00",7039,"2016-08-07 20:58:19",83983751
jn19981001306,oai:aleph-nkp.cz:AUT10-000047291,2012-06-30T22:29:24Z,"Galatíková, Věra,",1938-2007,NULL,NULL,"Narozena 19. 8. 1938 ve Zlíně, zemřela 21. 12. 2007 v Kladně. Divadelní a filmová herečka a dabérka.",20071227071736.0,http://aleph.nkp.cz/F/?func=direct&doc_number=000047291&local_base=AUT,1387079,"2016-03-05 22:13:06",7039,"2016-08-07 21:02:23",83984530
jn19981001402,oai:aleph-nkp.cz:AUT10-000047523,2012-07-09T10:37:37Z,"Haničincová, Štěpánka,",1931-1999,NULL,NULL,"Narozena 30. 9. 1931 v Kvíčovicích, zemřela 27. 10. 1999 v Praze. Herečka, scénáristka a dramaturgyně.",20120709075045.0,http://aleph.nkp.cz/F/?func=direct&doc_number=000047523&local_base=AUT,1387079,"2016-03-06 00:01:06",7039,"2016-08-07 21:04:42",65200171
jn19981001968,oai:aleph-nkp.cz:AUT10-000049978,2012-06-30T22:29:34Z,"Peterková, Ludmila,",1967-,NULL,NULL,"Narozena 1967. Klarinetistka.",20010419000000.0,http://aleph.nkp.cz/F/?func=direct&doc_number=000049978&local_base=AUT,1387079,"2016-03-05 22:14:28",7039,"2016-08-07 21:17:16",65754382
jn19981002104,oai:aleph-nkp.cz:AUT10-000050449,2012-06-30T22:26:52Z,"Růžičková, Zuzana,",1927-,NULL,NULL,"Narozena 14.1. 1927 v Plzni. Cembalistka, hudební pedagožka.",20031030080604.0,http://aleph.nkp.cz/F/?func=direct&doc_number=000050449&local_base=AUT,1387079,"2016-03-05 21:50:41",7039,"2016-08-07 21:21:19",113538746
jn19981002240,oai:aleph-nkp.cz:AUT10-000051306,2012-06-30T22:26:56Z,"Tomášová, Marie,",1929-,NULL,NULL,"Narozena 18.4.1929 v Dobrovicích. Herečka.",20081009155120.0,http://aleph.nkp.cz/F/?func=direct&doc_number=000051306&local_base=AUT,1387079,"2016-03-05 21:50:58",7039,"2016-08-07 21:25:37",83987040
jn19990209208,oai:aleph-nkp.cz:AUT10-000058798,2012-06-30T22:27:23Z,"Hajóssyová, Magdaléna,",1946-,NULL,NULL,"Slovenská operní pěvkyně - sopranistka.",20060221150441.0,http://aleph.nkp.cz/F/?func=direct&doc_number=000058798&local_base=AUT,1387079,"2016-03-05 21:55:16",7039,"2016-08-08 03:27:51",64191857
jn19990209219,oai:aleph-nkp.cz:AUT10-000047615,2012-06-30T22:29:25Z,"Havlová, Olga,",1933-1996,NULL,NULL,"Narozena 11.7.1933 v Praze, zemřela 27.1.1996 tamtéž. Veřejná činitelka, spolupráce na vydávání edice Expedice.",20040921151608.0,http://aleph.nkp.cz/F/?func=direct&doc_number=000047615&local_base=AUT,1387079,"2016-03-05 22:13:15",7039,"2016-08-08 03:28:08",64814137
jn19990209239,oai:aleph-nkp.cz:AUT10-000047744,2012-06-30T22:29:26Z,"Hlaváčová, Jana,",1938-,NULL,NULL,"Narozena 26.3.1938 v Praze. Herečka.",20000113000000.0,http://aleph.nkp.cz/F/?func=direct&doc_number=000047744&local_base=AUT,1387079,"2016-03-05 22:13:18",7039,"2016-08-08 03:28:39",5775110
jn19990209681,oai:aleph-nkp.cz:AUT10-000064920,2012-06-30T22:27:44Z,"Ponická, Hana,",1922-2007,NULL,NULL,"Narozena 1922, zemřela 21. 8. 2007 v Banské Bystrici. Spisovatelka, překladatelka z francouzštiny, italštiny, maďarštiny, němčiny.",20070831154555.0,http://aleph.nkp.cz/F/?func=direct&doc_number=000064920&local_base=AUT,1387079,"2016-03-05 21:59:08",7039,"2016-08-08 03:45:00",59151901
jn19990209882,oai:aleph-nkp.cz:AUT10-000051043,2015-02-18T11:00:36Z,"Špinarová, Věra,",1951-,NULL,NULL,"Narozena 22. 12. 1951 v Pohořelicích. Zpěvačka.",20150218115919.0,http://aleph.nkp.cz/F/?func=direct&doc_number=000051043&local_base=AUT,1387079,"2016-03-06 10:53:48",7039,"2016-08-08 03:51:19",84000165
jn19990209936,oai:aleph-nkp.cz:AUT10-000051394,2012-06-30T22:26:56Z,"Turnovská, Jarmila,",1930-2010,NULL,NULL,"Narozena 11.8.1930 v Praze, zemřela 1.3.2010 v Praze. Televizní dramaturgyně a scénáristka, tvorba pro děti.",20100304123002.0,http://aleph.nkp.cz/F/?func=direct&doc_number=000051394&local_base=AUT,1387079,"2016-03-05 21:51:00",7039,"2016-08-08 03:52:52",84000337
jn19990210844,oai:aleph-nkp.cz:AUT10-000052061,2012-06-30T22:26:59Z,"Zinková, Viola,",1925-,NULL,NULL,"Narozena 15.6.1925 v Praze. Herečka.",20000208000000.0,http://aleph.nkp.cz/F/?func=direct&doc_number=000052061&local_base=AUT,1387079,"2016-03-05 21:51:14",7039,"2016-08-08 04:20:21",84001520
jn19990216052,oai:aleph-nkp.cz:AUT10-000047426,2012-06-30T22:29:25Z,"Gruntová, Jitka,",1945-,NULL,NULL,"Narozena 8. 5. 1945 v Blansku. PaedDr., historička, učitelka dějepisu, poslankyně, místostarostka Březové nad Svitavou.",20060530134708.0,http://aleph.nkp.cz/F/?func=direct&doc_number=000047426&local_base=AUT,1387079,"2016-03-05 22:13:12",7039,"2016-08-08 04:21:58",57556310
jn20000400012,oai:aleph-nkp.cz:AUT10-000045021,2012-06-30T22:29:16Z,"Adamovská, Zlata,",1959-,NULL,NULL,"Narozena 9.3.1959 v Praze. Herečka.",20000425000000.0,http://aleph.nkp.cz/F/?func=direct&doc_number=000045021&local_base=AUT,1387079,"2016-03-05 22:12:05",7039,"2016-08-08 04:42:01",84003534
jn20000400138,oai:aleph-nkp.cz:AUT10-000045458,2012-06-30T22:29:18Z,"Benešová, Libuše,",1948-,NULL,NULL,"Narozena 5.7.1948 v Benešově. PhDr., senátorka a politička, práce z oboru slovanské literatury, folkloristiky a etnografie, práce z oboru místní a veřejné správy.",20000425000000.0,http://aleph.nkp.cz/F/?func=direct&doc_number=000045458&local_base=AUT,1387079,"2016-03-05 22:12:18",7039,"2016-08-08 04:45:10",57024643
jn20000400165,oai:aleph-nkp.cz:AUT10-000045499,2012-06-30T22:29:18Z,"Bernášková, Irena,",1904-1942,NULL,NULL,"Narozena 7.2.1904 v Praze, zemřela 26.8.1942 v Berlíně (Německo). Novinářka, aktivistka protinacistického odboje, vydavatelka ilegálního časopisu.",20040218112632.0,http://aleph.nkp.cz/F/?func=direct&doc_number=000045499&local_base=AUT,1387079,"2016-03-05 22:12:19",7039,"2016-08-08 04:45:49",84004427
jn20000400317,oai:aleph-nkp.cz:AUT10-000045845,2012-06-30T22:29:19Z,"Burešová, Dagmar,",1929-,NULL,NULL,"Narozena 19.10.1929 v Praze. Právnička, politička, ministryně spravedlnosti.",20000425000000.0,http://aleph.nkp.cz/F/?func=direct&doc_number=000045845&local_base=AUT,1387079,"2016-03-05 22:12:28",7039,"2016-08-08 04:50:09",84005295
jn20000400399,oai:aleph-nkp.cz:AUT10-000048096,2012-06-30T22:29:27Z,"Chramostová, Vlasta,",1926-,NULL,NULL,"Narozena 17.11.1926 v Brně. Herečka.",20000425000000.0,http://aleph.nkp.cz/F/?func=direct&doc_number=000048096&local_base=AUT,1387079,"2016-03-05 22:13:27",7039,"2016-08-08 04:53:14",56917871
jn20000400504,oai:aleph-nkp.cz:AUT10-000046518,2012-06-30T22:29:21Z,"Domanínská, Libuše,",1924-,NULL,NULL,"Narozena 4. 7. 1924 v Brně. Operní pěvkyně, pedagožka.",20070207143116.0,http://aleph.nkp.cz/F/?func=direct&doc_number=000046518&local_base=AUT,1387079,"2016-03-05 22:12:47",7039,"2016-08-08 04:56:22",27258429
jn20000400520,oai:aleph-nkp.cz:AUT10-000046557,2012-06-30T22:29:21Z,"Dostálová, Kateřina,",1964-,NULL,NULL,"Narozena 20.3.1964 v Přerově. Galeristka.",20000425000000.0,http://aleph.nkp.cz/F/?func=direct&doc_number=000046557&local_base=AUT,1387079,"2016-03-05 22:12:48",7039,"2016-08-08 04:56:45",34086279
jn20000400750,oai:aleph-nkp.cz:AUT10-000047285,2012-06-30T22:29:24Z,"Gaierová, Nelly,",1908-1995,NULL,NULL,"Narozena 3.10.1908 v Hradci Králové, zemřela 30.10.1995. Operetní herečka a zpěvačka.",20030206090931.0,http://aleph.nkp.cz/F/?func=direct&doc_number=000047285&local_base=AUT,1387079,"2016-03-05 22:13:06",7039,"2016-08-08 05:03:19",84007927
jn20000400791,oai:aleph-nkp.cz:AUT10-000047372,2012-06-30T22:29:24Z,"Gollová, Nataša,",1912-1988,NULL,NULL,"Narozena 27.2.1912 v Brně, zemřela 29.10.1988 v Praze. Vlastním jménem Nataša Hodáčová. Herečka.",20030728132125.0,http://aleph.nkp.cz/F/?func=direct&doc_number=000047372&local_base=AUT,1387079,"2016-03-05 22:13:09",7039,"2016-08-08 05:04:22",7672072
jn20000401598,oai:aleph-nkp.cz:AUT10-000049115,2012-06-30T22:29:31Z,"Lanczová, Lenka,",1964-,NULL,NULL,"Narozena 29. 12. 1964 v Dačicích. Autorka knih pro mládež, knihovnice.",20090626082933.0,http://aleph.nkp.cz/F/?func=direct&doc_number=000049115&local_base=AUT,1387079,"2016-03-05 22:13:57",7039,"2016-08-08 05:28:03",84013129
jn20000402333,oai:aleph-nkp.cz:AUT10-000051179,2012-06-30T22:26:56Z,"Talpová, Hana,",1938-,NULL,NULL,"Narozena 5.5.1938 v Olomouci. Herečka, zpěvačka.",20000425000000.0,http://aleph.nkp.cz/F/?func=direct&doc_number=000051179&local_base=AUT,1387079,"2016-03-05 21:50:56",7039,"2016-08-08 05:46:57",84017799
jn20000402643,oai:aleph-nkp.cz:AUT10-000051585,2014-01-31T06:44:23Z,"Válková, Helena,",1951-,NULL,NULL,"Narozena 7. 1. 1951 v Chlumci nad Cidlinou. Prof., JUDr., CSc., právnička a politička, nakladatelka právnické literatury, překladatelka, práce z oboru trestního práva, kriminalistiky a prevence zločinnosti.",20140131074328.0,http://aleph.nkp.cz/F/?func=direct&doc_number=000051585&local_base=AUT,1387079,"2016-03-06 10:21:54",7039,"2016-08-08 05:55:16",67189228
jn20000402904,oai:aleph-nkp.cz:AUT10-000051088,2012-06-30T22:26:55Z,"Štěpová, Vlasta,",1938-,NULL,NULL,"Narozena 7.6.1938 v Letohradě. Ing., CSc., ekonomka, práce z oboru cestovního ruchu, výzkumu trhu, práce s tematikou způsobu života, hodnot a bydlení.",20000425000000.0,http://aleph.nkp.cz/F/?func=direct&doc_number=000051088&local_base=AUT,1387079,"2016-03-05 21:50:54",7039,"2016-08-08 06:02:52",33264967
jn20000620324,oai:aleph-nkp.cz:AUT10-000066055,2012-06-30T22:27:48Z,"Samková-Veselá, Klára,",1963-,NULL,NULL,"Narozena 23. 3. 1963 v Brně. JUDr., Ph.D., advokátka, občanská aktivistka, politička, redaktorka a publicistka, též autorka cestopisné literatury.",20120102081242.0,http://aleph.nkp.cz/F/?func=direct&doc_number=000066055&local_base=AUT,1387079,"2016-03-05 21:59:56",7039,"2016-08-10 10:33:06",84031354
jn20000701626,oai:aleph-nkp.cz:AUT10-000073662,2012-06-30T22:28:17Z,"Schwarzenberg, Therese von,",1940-,NULL,NULL,"Rakouská lékařka, autorka autobiografie.",20100302120028.0,http://aleph.nkp.cz/F/?func=direct&doc_number=000073662&local_base=AUT,1387079,"2016-03-05 22:04:16",7039,"2016-08-10 12:14:23",55217534
jn20000703099,oai:aleph-nkp.cz:AUT10-000070854,2012-06-30T22:28:06Z,"Herzogenberg, Johanna,",1921-2012,NULL,NULL,"Narozena 23. 6. 1921 v Sychrově, zemřela 20. 2. 2012 v Mnichově (Německo). Historička umění a germanistka, též organizátorka česko-německých projektů. Žila v Německu.",20120223072430.0,http://aleph.nkp.cz/F/?func=direct&doc_number=000070854&local_base=AUT,1387079,"2016-03-05 22:02:47",7039,"2016-08-10 12:33:33",44333681
jn20000710113,oai:aleph-nkp.cz:AUT10-000070202,2014-11-06T07:00:28Z,"Jurinová, Eva,",1953-,NULL,NULL,"Narozena 3. 12. 1953 v Ostravě. Mgr., novinářka, pedagožka, televizní redaktorka, moderátorka a politička, spoluautorka autobiografické publikace.",20141106080019.0,http://aleph.nkp.cz/F/?func=direct&doc_number=000070202&local_base=AUT,1387079,"2016-03-06 10:44:56",7039,"2016-08-10 13:09:56",84039443
jn20000720232,oai:aleph-nkp.cz:AUT10-000069975,2012-06-30T22:28:03Z,"Podvalová, Marie,",1909-1992,NULL,NULL,"Narozena 5.9.1909 Čakovice, zemřela 16.5.1992 Praha. Česká pěvkyně - sopranistka.",20040811104358.0,http://aleph.nkp.cz/F/?func=direct&doc_number=000069975&local_base=AUT,1387079,"2016-03-05 22:02:19",7039,"2016-08-10 13:40:09",46321968
jn20000728160,oai:aleph-nkp.cz:AUT10-000071342,2012-06-30T22:28:08Z,"Haláková, Olga,",1948-,NULL,NULL,NULL,20000728000000.0,http://aleph.nkp.cz/F/?func=direct&doc_number=000071342&local_base=AUT,1387079,"2016-03-05 22:03:03",7039,"2016-08-10 13:50:44",84044962
jn20000728200,oai:aleph-nkp.cz:AUT10-000071382,2012-06-30T22:28:08Z,"Horníková, Zdeňka,",1952-,NULL,NULL,NULL,20000728000000.0,http://aleph.nkp.cz/F/?func=direct&doc_number=000071382&local_base=AUT,1387079,"2016-03-05 22:03:04",7039,"2016-08-10 13:51:49",84045195
jn20000728784,oai:aleph-nkp.cz:AUT10-000071966,2014-04-15T14:12:45Z,"Vašínková, Věra,",1941-,NULL,NULL,"Narozena 27. 10. 1941 v Palkovicích (okr. Frýdek-Místek). Politička.",20140415161142.0,http://aleph.nkp.cz/F/?func=direct&doc_number=000071966&local_base=AUT,1387079,"2016-03-06 10:26:09",7039,"2016-08-10 14:08:55",84048624
jn20001227317,oai:aleph-nkp.cz:AUT10-000079720,2012-06-30T22:28:41Z,"Židlická, Michaela,",1952-,NULL,NULL,"Narozena 18.8.1952 v Brně. JUDr., dějiny státu a práva - římské právo.",20010122000000.0,http://aleph.nkp.cz/F/?func=direct&doc_number=000079720&local_base=AUT,1387079,"2016-03-05 22:07:10",7039,"2016-08-10 14:42:18",84062186
jn20010309399,oai:aleph-nkp.cz:AUT10-000081198,2012-06-30T22:28:47Z,"Korecká, Věra,",1945-,NULL,NULL,"Narozena 1945.JUDr., občanské právo, publikace z oboru.",20030709104204.0,http://aleph.nkp.cz/F/?func=direct&doc_number=000081198&local_base=AUT,1387079,"2016-03-05 22:07:57",7039,"2016-08-10 14:53:22",3850170
jn20020717437,oai:aleph-nkp.cz:AUT10-000141698,2012-06-30T22:30:14Z,"Šinkorová, Daniela,",1972-,NULL,NULL,"Slovenská zpěvačka a herečka.",20041102170323.0,http://aleph.nkp.cz/F/?func=direct&doc_number=000141698&local_base=AUT,1387079,"2016-03-05 22:21:02",7039,"2016-08-10 19:44:50",84090037
jn99240000074,oai:aleph-nkp.cz:AUT10-000045467,2012-06-30T22:29:18Z,"Beňačková-Čápová, Gabriela,",1947-,NULL,NULL,"Narozena 25.3.1947. Operní pěvkyně.",20081029075259.0,http://aleph.nkp.cz/F/?func=direct&doc_number=000045467&local_base=AUT,1387079,"2016-03-05 22:12:18",7039,"2016-08-10 22:33:02",100260294
jo20000064064,oai:aleph-nkp.cz:AUT10-000064064,2012-06-30T22:27:41Z,"Pelikánová, Irena,",1949-,NULL,NULL,"Narozena 25.6.1949 v Praze. JUDr., prof. srovnávacího práva obchodního, autorka komentáře k obchodnímu zákoníku.",20001106000000.0,http://aleph.nkp.cz/F/?func=direct&doc_number=000064064&local_base=AUT,1387079,"2016-03-05 21:58:31",7039,"2016-08-10 22:57:53",23410385
jo20000069705,oai:aleph-nkp.cz:AUT10-000069705,2012-06-30T22:28:02Z,"Králová, Sabina,",1970-,NULL,NULL,"Narozena r. 1970 v Hradci Králové. Herečka.",20000927000000.0,http://aleph.nkp.cz/F/?func=direct&doc_number=000069705&local_base=AUT,1387079,"2016-03-05 22:02:11",7039,"2016-08-10 23:00:15",84109548
jo20000071010,oai:aleph-nkp.cz:AUT10-000071010,2012-06-30T22:28:07Z,"Plain, Belva,",1915-2010,NULL,NULL,"Americká spisovatelka, autorka románů pro ženy.",20110118111456.0,http://aleph.nkp.cz/F/?func=direct&doc_number=000071010&local_base=AUT,1387079,"2016-03-05 22:02:52",7039,"2016-08-10 23:02:12",168992130
jo20000080447,oai:aleph-nkp.cz:AUT10-000080447,2012-06-30T22:28:44Z,"Ághová, Lívia,",1963-,NULL,NULL,"Narozena 1963. Operní pěvkyně.",20020812145731.0,http://aleph.nkp.cz/F/?func=direct&doc_number=000080447&local_base=AUT,1387079,"2016-03-05 22:07:33",7039,"2016-08-10 23:31:35",5123887
jo20000082630,oai:aleph-nkp.cz:AUT10-000082630,2012-06-30T22:28:52Z,"Součková, Marie,",1953-,NULL,NULL,"Narozena 31.7.1953. Lékařka, sociálně demokratická politička.",20010409000000.0,http://aleph.nkp.cz/F/?func=direct&doc_number=000082630&local_base=AUT,1387079,"2016-03-05 22:08:42",7039,"2016-08-10 23:50:23",84120065
jo20000082749,oai:aleph-nkp.cz:AUT10-000082749,2013-03-05T14:25:04Z,"Marvanová, Hana,",1962-,NULL,NULL,"Narozena 26. 11. 1962 v Rýmařově. JUDr., právnička a politička.",20130305152335.0,http://aleph.nkp.cz/F/?func=direct&doc_number=000082749&local_base=AUT,1387079,"2016-03-06 09:59:12",7039,"2016-08-10 23:54:06",84120785
jo20010090091,oai:aleph-nkp.cz:AUT10-000090091,2012-06-30T22:29:21Z,"Munzarová, Barbora,",1971-,NULL,NULL,"Narozena 28.12.1971 v Praze. Mgr., herečka.",20010802000000.0,http://aleph.nkp.cz/F/?func=direct&doc_number=000090091&local_base=AUT,1387079,"2016-03-05 22:12:47",7039,"2016-08-11 00:31:25",84128663
jo20010092695,oai:aleph-nkp.cz:AUT10-000092695,2012-06-30T22:29:31Z,"Norisová, Zuzana,",1979-,NULL,NULL,"Narozena 1979 v Malackách (Slovensko), působí i v Česku.Muzikálová herečka a zpěvačka.",20011018000000.0,http://aleph.nkp.cz/F/?func=direct&doc_number=000092695&local_base=AUT,1387079,"2016-03-05 22:14:02",7039,"2016-08-11 00:37:16",84129729
jo20010092696,oai:aleph-nkp.cz:AUT10-000092696,2012-06-30T22:29:31Z,"Veselá, Anna,",1977-,NULL,NULL,"Narozena 1977 ve Frýdlantě v Čechách. Herečka.",20011018000000.0,http://aleph.nkp.cz/F/?func=direct&doc_number=000092696&local_base=AUT,1387079,"2016-03-05 22:14:03",7039,"2016-08-11 00:37:17",84129738
jo2002105408,oai:aleph-nkp.cz:AUT10-000105408,2012-06-30T22:27:21Z,"Míková, Taťána,",1965-,NULL,NULL,"Narozena 30.4.1965 v Praze. RNDr., klimatoložka a meteoroložka, moderátorka zpráv o počasí, práce z oboru.",20020328000000.0,http://aleph.nkp.cz/F/?func=direct&doc_number=000105408&local_base=AUT,1387079,"2016-03-05 21:54:57",7039,"2016-08-11 01:11:10",84136392
jo2002111929,oai:aleph-nkp.cz:AUT10-000111929,2012-06-30T22:27:44Z,"Mallotová, Helena,",1944-,NULL,NULL,"Narozena 26.10.1944. Mgr., absolventka germanistiky, cizojazyčná redaktorka, překladatelka, poslankyně PSP ČR.",20020618161934,http://aleph.nkp.cz/F/?func=direct&doc_number=000111929&local_base=AUT,1387079,"2016-03-05 21:59:12",7039,"2016-08-11 01:30:10",306140787
jo2003190678,oai:aleph-nkp.cz:AUT10-000190678,2012-06-30T22:29:54Z,"Remundová, Sabina,",1972-,NULL,NULL,"Narozena 1972. Herečka.",20030710152333.0,http://aleph.nkp.cz/F/?func=direct&doc_number=000190678&local_base=AUT,1387079,"2016-03-05 22:17:34",7039,"2016-08-11 02:38:27",84153396
jo2005260010,oai:aleph-nkp.cz:AUT10-000260010,2014-11-14T07:14:56Z,"Žídková, Monika,",1977-,NULL,NULL,"Narozena 11. 6. 1977 v Kravařích u Opavy. Mgr., absolventka Ostravské univerzity, obor pedagogika pro 1. stupeň ZŠ. V r. 1995 zvolena Miss ČR a Miss Evropy. Podniká v oboru kosmetiky, moderátorka, též komunální politička, od roku 2014 starostka ve městě Kravařích.",20141114081409.0,http://aleph.nkp.cz/F/?func=direct&doc_number=000260010&local_base=AUT,1387079,"2016-03-06 10:45:56",7039,"2016-08-11 03:41:03",84169993
jo2005274125,oai:aleph-nkp.cz:AUT10-000274125,2012-06-30T22:31:18Z,"Ježková, Jitka,",1978-,NULL,NULL,"Narozena 7. 6. 1978. Filmová a divadelní herečka, věnuje se též dabingu.",20050418114031.0,http://aleph.nkp.cz/F/?func=direct&doc_number=000274125&local_base=AUT,1387079,"2016-03-05 22:34:22",7039,"2016-08-11 03:56:14",84174369
jo2008427156,oai:aleph-nkp.cz:AUT10-000427156,2014-01-21T07:03:56Z,"Tachecí, Barbora,",1963-,NULL,NULL,"Narozena 25. 1. 1963. Ing., ekonomka, televizní a rozhlasová redaktorka.",20140121080308.0,http://aleph.nkp.cz/F/?func=direct&doc_number=000427156&local_base=AUT,1387079,"2016-03-06 10:21:21",7039,"2016-08-11 05:27:37",84197473
jo2008464761,oai:aleph-nkp.cz:AUT10-000464761,2012-10-26T00:01:16Z,"Schwarzová, Anna Magdalena,",1921-,NULL,NULL,"Narozena 14. 3. 1921 v Praze. Řeholnice Řádu bosých karmelitánek, od roku 1985 žijící v Krakově. Vězněna i za nacismu i za komunismu.",20121025074317.0,http://aleph.nkp.cz/F/?func=direct&doc_number=000464761&local_base=AUT,1387079,"2016-03-06 00:08:36",7039,"2016-08-11 05:39:17",84199848
js20040216003,oai:aleph-nkp.cz:AUT10-000217993,2012-06-30T22:30:45Z,"Sokolová, Věra,",1970-,NULL,NULL,"Ph.D., vystudovala moderní evropské dějiny, feministickou teorii, působí jako odborná asistentka v Centru genderových studií na FHS a FF UK v Praze.",20040831154249.0,http://aleph.nkp.cz/F/?func=direct&doc_number=000217993&local_base=AUT,1387079,"2016-03-05 22:27:38",7039,"2016-08-11 17:32:34",76004154
js20040308001,oai:aleph-nkp.cz:AUT10-000222478,2012-06-30T22:31:02Z,"Elsnerová, Andrea,",1977-,NULL,NULL,"Narozena 5.2.1977 v Zábřehu na Moravě. Herečka.",20040823120945.0,http://aleph.nkp.cz/F/?func=direct&doc_number=000222478&local_base=AUT,1387079,"2016-03-05 22:30:59",7039,"2016-08-11 17:33:20",84231725
js20050404017,oai:aleph-nkp.cz:AUT10-000278759,2012-06-30T22:31:33Z,"Smejkalová, Kateřina,",1983-,NULL,NULL,"Narozena 25. 2. 1983 ve Šternberku. Česká Miss 2005.",20050415120549.0,http://aleph.nkp.cz/F/?func=direct&doc_number=000278759&local_base=AUT,1387079,"2016-03-05 22:38:01",7039,"2016-08-11 17:42:22",84233286
js20050627027,oai:aleph-nkp.cz:AUT10-000293460,2014-04-14T10:43:28Z,"Seitlová, Jitka,",1954-,NULL,NULL,"Narozena 17. 4. 1954 v Přerově. Geoložka, senátorka Parlamentu ČR, zabývá se problematikou odpadového hospodářství.",20140414124235.0,http://aleph.nkp.cz/F/?func=direct&doc_number=000293460&local_base=AUT,1387079,"2016-03-06 10:26:00",7039,"2016-08-11 17:53:30",84235732
js20050710034,oai:aleph-nkp.cz:AUT10-000295314,2012-06-30T22:32:25Z,"Špidlová, Viktorie,",1951-,NULL,NULL,"Narozena 13. 3. 1951 v Třeboni. Knihovnice, manželka politika.",20050906110222.0,http://aleph.nkp.cz/F/?func=direct&doc_number=000295314&local_base=AUT,1387079,"2016-03-05 22:51:39",7039,"2016-08-11 17:57:44",84236754
js20050711006,oai:aleph-nkp.cz:AUT10-000295366,2013-01-30T06:36:52Z,"Benešová, Marie,",1948-,NULL,NULL,"Narozena 17. 4. 1948 v Praze. Mgr., právnička a politička.",20130130073612.0,http://aleph.nkp.cz/F/?func=direct&doc_number=000295366&local_base=AUT,1387079,"2016-03-06 09:57:09",7039,"2016-08-11 17:58:02",84236796
js20050801010,oai:aleph-nkp.cz:AUT10-000297953,2012-06-30T22:32:33Z,"Hamplová, Jana,",1965-,NULL,NULL,"Narozena 18. 5. 1965. Mgr., advokátka a novinářka, zabývá právní problematikou samosprávy.",20110530102604.0,http://aleph.nkp.cz/F/?func=direct&doc_number=000297953&local_base=AUT,1387079,"2016-03-05 22:53:27",7039,"2016-08-11 18:02:12",84237679
js20050815008,oai:aleph-nkp.cz:AUT10-000299348,2012-06-30T22:32:37Z,"Formánková, Vlasta,",1953-,NULL,NULL,"Narozena 26.7.1953 v Klatovech. JUDr., od r. 2005 soudkyně Ústavního soudu ČR.",20060823104336.0,http://aleph.nkp.cz/F/?func=direct&doc_number=000299348&local_base=AUT,1387079,"2016-03-05 22:54:21",7039,"2016-08-11 18:03:13",84237916
js20050919016,oai:aleph-nkp.cz:AUT10-000305317,2012-06-30T22:30:50Z,"Borhyová, Lucie,",1978-,NULL,NULL,"Narozena 16.4.1978. Televizní moderátorka zpravodajství TV Nova.",20060320090909.0,http://aleph.nkp.cz/F/?func=direct&doc_number=000305317&local_base=AUT,1387079,"2016-03-05 22:28:28",7039,"2016-08-11 18:08:05",84238776
js20050926003,oai:aleph-nkp.cz:AUT10-000306164,2012-06-30T22:30:53Z,"Boháčková, Jarmila,",1947-2005,NULL,NULL,"Narozena 18.7.1947 v Praze, zemřela 9.6.2005. Politička, poslankyně.",20060412082513.0,http://aleph.nkp.cz/F/?func=direct&doc_number=000306164&local_base=AUT,1387079,"2016-03-05 22:29:00",7039,"2016-08-11 18:08:23",84238851
js20051017078,oai:aleph-nkp.cz:AUT10-000309759,2012-06-30T22:31:05Z,"Bérová, Dana,",1967-,NULL,NULL,"Narozena 25.4.1967. Ing., ministryně informatiky.",20060406154201.0,http://aleph.nkp.cz/F/?func=direct&doc_number=000309759&local_base=AUT,1387079,"2016-03-05 22:31:48",7039,"2016-08-11 18:15:25",84240447
js20060120001,oai:aleph-nkp.cz:AUT10-000325931,2014-10-23T10:01:22Z,"Alasseur, Mariana,",1977-,NULL,NULL,"Narozena 11. 6. 1977 v Lanškrouně. Malířka, fotografka, perfomerka, autorka videoinstalací.",20141023120047.0,http://aleph.nkp.cz/F/?func=direct&doc_number=000325931&local_base=AUT,1387079,"2016-03-06 10:43:28",7039,"2016-08-11 18:37:37",84244586
js20060317031,oai:aleph-nkp.cz:AUT10-000334802,2012-06-30T22:32:34Z,"Topolánková, Pavla,",1955-,NULL,NULL,"Narozena 7.5.1955 v Bohumíně. Kandidátka do senátu, manželka předsedy ODS Mirka Topolánka.",20061107170247.0,http://aleph.nkp.cz/F/?func=direct&doc_number=000334802&local_base=AUT,1387079,"2016-03-05 22:53:44",7039,"2016-08-11 18:49:11",84247432
js20060324012,oai:aleph-nkp.cz:AUT10-000336026,2012-06-30T22:32:39Z,"Paukrtová, Soňa,",1950-,NULL,NULL,"Politička, senátorka, autorka článků v oboru.",20080228101422.0,http://aleph.nkp.cz/F/?func=direct&doc_number=000336026&local_base=AUT,1387079,"2016-03-05 22:54:53",7039,"2016-08-11 18:49:37",84247552
js20060428016,oai:aleph-nkp.cz:AUT10-000341350,2012-06-30T22:33:02Z,"Dvořáková, Helena,",1979-,NULL,NULL,"Narozena 30. 1. 1979 v Brně. Herečka.",20061211111315.0,http://aleph.nkp.cz/F/?func=direct&doc_number=000341350&local_base=AUT,1387079,"2016-03-05 22:59:47",7039,"2016-08-11 18:55:26",84249183
js20061124012,oai:aleph-nkp.cz:AUT10-000372104,2012-06-30T22:32:12Z,"Sedláčková, Andrea,",1967-,NULL,NULL,"Narozena 22.2.1967, Praha. Filmová scenáristka a režisérka, herečka.",20070712100318.0,http://aleph.nkp.cz/F/?func=direct&doc_number=000372104&local_base=AUT,1387079,"2016-03-05 22:49:06",7039,"2016-08-11 19:32:22",84256366
js20070824006,oai:aleph-nkp.cz:AUT10-000410774,2014-04-28T05:54:58Z,"Slámová, Klára,",1977-,NULL,NULL,"Narozena 27. 8. 1977. JUDr., advokátka a politička.",20140428075356.0,http://aleph.nkp.cz/F/?func=direct&doc_number=000410774&local_base=AUT,1387079,"2016-03-06 10:26:57",7039,"2016-08-11 20:14:51",84263544
js20080229003,oai:aleph-nkp.cz:AUT10-000443893,2013-05-27T10:20:14Z,"Doležalová, Klára,",1973-,NULL,NULL,"Narozena 24. 9. 1973 v Praze. Televizní moderátorka, herečka a podnikatelka.",20130527121926.0,http://aleph.nkp.cz/F/?func=direct&doc_number=000443893&local_base=AUT,1387079,"2016-03-06 10:04:43",7039,"2016-08-11 20:40:23",84269749
js20080314013,oai:aleph-nkp.cz:AUT10-000445987,2012-06-30T22:35:12Z,"Němcová, Andrea,",1976-,NULL,NULL,"Narozena 29. 5. 1976 v Táboře. Socioložka, reportérka TV Nova, vedoucí publicistického pořadu Střepiny.",20120131144736.0,http://aleph.nkp.cz/F/?func=direct&doc_number=000445987&local_base=AUT,1387079,"2016-03-05 23:29:13",7039,"2016-08-11 20:42:30",84270585
js2009504516,oai:aleph-nkp.cz:AUT10-000504516,2012-06-30T22:33:51Z,"Fink, Ida,",1921-2011,NULL,NULL,"Izraelská spisovatelka polského původu a autorka knih o holocaustu.",20111017094813.0,http://aleph.nkp.cz/F/?func=direct&doc_number=000504516&local_base=AUT,1387079,"2016-03-05 23:10:43",7039,"2016-08-11 21:52:00",59098117
js20100323005,oai:aleph-nkp.cz:AUT10-000566281,2013-06-11T00:00:50Z,"Gerová, Eva,",1920-2013,NULL,NULL,"Narozena 4. 3.1920 v Praze, zemřela 5. 6. 2013 tamtéž. Filmová herečka, knihovnice.",20130610074546.0,http://aleph.nkp.cz/F/?func=direct&doc_number=000566281&local_base=AUT,1387079,"2016-03-06 10:05:08",7039,"2016-08-11 22:03:44",120097205
js2016902421,oai:aleph-nkp.cz:AUT10-000902421,2016-02-11T08:31:43Z,"Savčenko, Nadìja Vìktorìvna,",1981-,"vojenské letectvo","vojenské letkyně","Ukrajinská vojenská pilotka.",20160211093051.0,http://aleph.nkp.cz/F/?func=direct&doc_number=000902421&local_base=AUT,1387079,"2016-03-06 11:32:50",7039,"2016-08-12 01:53:41",160144647696703028125
jx20050217004,oai:aleph-nkp.cz:AUT10-000272585,2012-06-30T22:31:13Z,"Kahovcová, Vlasta,",1944-,NULL,NULL,"Narozena 7. 1. 1944 v Praze. Zpěvačka, výtvarnice.",20080728104150.0,http://aleph.nkp.cz/F/?func=direct&doc_number=000272585&local_base=AUT,1387079,"2016-03-05 22:33:16",7039,"2016-08-12 02:55:34",84315777
jx20060418007,oai:aleph-nkp.cz:AUT10-000339661,2012-06-30T22:32:54Z,"Laščiaková, Darina,",1931-,NULL,NULL,"Slovenská zpěvačka lidových písní, autorka vzpomínek.",20080311125345.0,http://aleph.nkp.cz/F/?func=direct&doc_number=000339661&local_base=AUT,1387079,"2016-03-05 22:57:52",7039,"2016-08-12 04:53:54",31145479
jx20060517001,oai:aleph-nkp.cz:AUT10-000343810,2012-06-30T22:33:12Z,"Gruntová, Jitka,",1945-,NULL,NULL,NULL,20060530134705.0,NULL,1387079,"2016-03-05 23:02:01",7039,"2016-08-12 04:59:42",NULL
kup19950000097256,oai:aleph-nkp.cz:AUT10-000237925,2012-06-30T22:31:58Z,"Svozilová, Naďa,",1935-,NULL,NULL,"Narozena 1935. Lingvistka, zabývá se jazykovědnou bohemistikou.",20060206134812.0,http://aleph.nkp.cz/F/?func=direct&doc_number=000237925&local_base=AUT,1387079,"2016-03-05 22:45:35",7039,"2016-08-20 21:27:51",29828337
kv2008386914,oai:aleph-nkp.cz:AUT10-000386914,2013-06-21T00:00:59Z,"Podkonická, Dagmar,",1969-,NULL,NULL,"Narozena 16.6.1969. Herečka a zpěvačka, členka dívčí skupiny TRINY.",20130620073852.0,http://aleph.nkp.cz/F/?func=direct&doc_number=000386914&local_base=AUT,1387079,"2016-03-06 10:05:54",7039,"2016-08-21 00:43:17",84509188
mzk2002143790,oai:aleph-nkp.cz:AUT10-000143790,2012-06-30T22:30:21Z,"Lehotská, Darina,",1922-1990,NULL,NULL,"Narozena 28.1.1922 v Kremnici, okr. Žiar nad Hronom, zemřela 12.2.1990 v Bratislavě. Slovenská pedagožka, historička.",20020916145005.0,http://aleph.nkp.cz/F/?func=direct&doc_number=000143790&local_base=AUT,1387079,"2016-03-05 22:22:29",7039,"2016-08-22 03:41:55",54566710
mzk2003169995,oai:aleph-nkp.cz:AUT10-000169995,2012-06-30T22:28:32Z,"Ritschelová, Iva,",1964-,NULL,NULL,"Narozena 16.7.1964 ve Varnsdorfu. Doc., Ing. ekonomie, CSc., vysokoškolská pedagožka, práce z ekonomie životního prostředí.",20070219093539.0,http://aleph.nkp.cz/F/?func=direct&doc_number=000169995&local_base=AUT,1387079,"2016-03-05 22:06:04",7039,"2016-08-22 04:33:55",84538953
mzk2003190827,oai:aleph-nkp.cz:AUT10-000190827,2012-06-30T22:29:55Z,"Maršálková, Helena,",1950-,NULL,NULL,"Narozena 2.1.1950 v Praze. Country zpěvačka, členka skupiny Pacifik.",20041202114240.0,http://aleph.nkp.cz/F/?func=direct&doc_number=000190827&local_base=AUT,1387079,"2016-03-05 22:17:38",7039,"2016-08-22 05:09:49",84553068
mzk2003196548,oai:aleph-nkp.cz:AUT10-000196548,2012-06-30T22:30:18Z,"Norisová, Soňa,",1973-,NULL,NULL,"Slovenská muzikálová speváčka a herečka.",20031009095236.0,http://aleph.nkp.cz/F/?func=direct&doc_number=000196548&local_base=AUT,1387079,"2016-03-05 22:21:51",7039,"2016-08-22 05:21:09",84557076
mzk2003202379,oai:aleph-nkp.cz:AUT10-000202379,2012-06-30T22:29:45Z,"Kostolányiová, Eva,",1942-1975,NULL,NULL,"Slovenská zpěvačka.",20040309082604.0,http://aleph.nkp.cz/F/?func=direct&doc_number=000202379&local_base=AUT,1387079,"2016-03-05 22:15:59",7039,"2016-08-22 05:43:17",84561119
mzk2004235894,oai:aleph-nkp.cz:AUT10-000235894,2012-06-30T22:31:51Z,"Kocianová, Jana,",1946-,NULL,NULL,"Slovenská zpěvačka.",20040714131826.0,http://aleph.nkp.cz/F/?func=direct&doc_number=000235894&local_base=AUT,1387079,"2016-03-05 22:43:22",7039,"2016-08-22 06:44:03",84579382
mzk2004236740,oai:aleph-nkp.cz:AUT10-000236740,2012-06-30T22:31:54Z,"Vlková, Gabriela Ivana,",1964-,NULL,NULL,"Narozena 1964. RNDr., autorka teologické literatury a výkladů Písma svatého.",20040712175139.0,http://aleph.nkp.cz/F/?func=direct&doc_number=000236740&local_base=AUT,1387079,"2016-03-05 22:44:13",7039,"2016-08-22 06:46:36",27365651
mzk2004236741,oai:aleph-nkp.cz:AUT10-000236741,2012-06-30T22:31:54Z,"Škottová, Nina,",1946-,NULL,NULL,"Narozena 6.10.1946 v Prostějově. Doc., RNDr., CSc., autorka publikací z biochemie a farmakologie, též z historie Prostějovska.",20050530090835.0,http://aleph.nkp.cz/F/?func=direct&doc_number=000236741&local_base=AUT,1387079,"2016-03-05 22:44:13",7039,"2016-08-22 06:46:38",84580234
mzk2005275069,oai:aleph-nkp.cz:AUT10-000275069,2012-06-30T22:31:21Z,"Kyselková, Marie,",1935-,NULL,NULL,"Narozena 20.8.1935 v Brně. Divadelní a filmová herečka proslavila se rolí princezny se zlatou hvězdou na čele.",20080107152854.0,http://aleph.nkp.cz/F/?func=direct&doc_number=000275069&local_base=AUT,1387079,"2016-03-05 22:35:09",7039,"2016-08-22 08:33:40",84613909
mzk2006323130,oai:aleph-nkp.cz:AUT10-000323130,2015-09-14T07:37:15Z,"Erbenová, Michaela,",1968-,finance,ekonomky,"Narozena 24. 8. 1968 v Praze. Ing., Ph.D., ekonomka, práce z oboru veřejných financí a trhu práce.",20150914093619.0,http://aleph.nkp.cz/F/?func=direct&doc_number=000323130&local_base=AUT,1387079,"2016-03-06 11:21:40",7039,"2016-08-22 10:33:09",84656532
mzk2006354064,oai:aleph-nkp.cz:AUT10-000354064,2012-06-30T22:31:03Z,"Janáčková, Liana,",1953-,NULL,NULL,"Narozena 17.12.1953 v Ostravě. Ing. arch., práce z oboru, též regionální publicistika, politička.",20090126152341.0,http://aleph.nkp.cz/F/?func=direct&doc_number=000354064&local_base=AUT,1387079,"2016-03-05 22:31:13",7040,"2016-08-24 00:00:00",84676851
mzk2006354144,oai:aleph-nkp.cz:AUT10-000354144,2012-06-30T22:31:03Z,"Čurdová, Anna,",1962-,NULL,NULL,"Narozena 19. 4.1962 v Hořicích v Podkrkonoší. Pedagožka, politička ČSSD, funkce na úrovni okresu a kraje, práce o diskriminaci žen.",20080213071820.0,http://aleph.nkp.cz/F/?func=direct&doc_number=000354144&local_base=AUT,1387079,"2016-03-05 22:31:11",7040,"2016-08-24 00:00:00",84677414
mzk2007385870,oai:aleph-nkp.cz:AUT10-000385870,2012-06-30T22:33:00Z,"Jurásková, Dana,",1961-,NULL,NULL,"Narozena 21. 9. 1961 v Uherském Hradišti. Mgr., zdravotní sestra, práce o ošetřovatelství, pečovatelství a hospitalizaci pacienta.",20070302132821.0,http://aleph.nkp.cz/F/?func=direct&doc_number=000385870&local_base=AUT,1387079,"2016-03-05 22:59:27",7040,"2016-08-24 00:00:00",84699754
mzk2009495815,oai:aleph-nkp.cz:AUT10-000495815,2012-06-30T22:35:17Z,"Šimáčková, Kateřina,",1966-,NULL,NULL,"Narozena 1966 v Brně. JUDr., Ph.D., práce z ústavního práva, politologie, též publicistika o lidských právech.",20090202145852.0,http://aleph.nkp.cz/F/?func=direct&doc_number=000495815&local_base=AUT,1387079,"2016-03-05 23:30:21",7040,"2016-08-24 00:00:00",38582382
mzk2010565306,oai:aleph-nkp.cz:AUT10-000565306,2012-06-30T22:34:40Z,"Čobejová, Michaela,",1970-,NULL,NULL,"Slovenská herečka.",20100317115508.0,http://aleph.nkp.cz/F/?func=direct&doc_number=000565306&local_base=AUT,1387079,"2016-03-05 23:21:56",7040,"2016-08-24 00:00:00",120102834
nlk19990073902,oai:aleph-nkp.cz:AUT10-000076778,2012-06-30T22:28:30Z,"Strunecká, Anna,",1944-,NULL,NULL,"Nar. 24. 1. 1944 v Dolních Měcholupech. RNDr., DrSc. biologických věd, prof. (1989) fyziologie živočichů. Studuje fosfolipidy.",19991215000000.0,http://aleph.nkp.cz/F/?func=direct&doc_number=000076778&local_base=AUT,1387079,"2016-03-05 22:05:50",7040,"2016-08-24 09:22:41",84787710
nlk20020105684,oai:aleph-nkp.cz:AUT10-000103372,2013-06-17T12:44:59Z,"Mihaličková, Monika,",1973-,NULL,NULL,"Narozena 24. 11. 1973 v Pardubicích. Mgr., psycholožka, politička, specializace na problematiku romské menšiny.",20130617144430.0,http://aleph.nkp.cz/F/?func=direct&doc_number=000103372&local_base=AUT,1387079,"2016-03-06 10:05:36",7040,"2016-08-24 13:32:03",250557843
nlk20040157779,oai:aleph-nkp.cz:AUT10-000267572,2012-06-30T22:30:57Z,"Filipiová, Daniela,",1957-,NULL,NULL,"Narozena 9.8.1957 v Praze. Architektka. Publikace systematicky zaměřené na odstraňování architektonických bariér.",20050120114653.0,http://aleph.nkp.cz/F/?func=direct&doc_number=000267572&local_base=AUT,1387079,"2016-03-05 22:29:49",7040,"2016-08-24 09:53:35",84864213
ola200201106,oai:aleph-nkp.cz:AUT10-000096716,2012-06-30T22:29:45Z,"Břežková, Jana,",1943-,NULL,NULL,"Narozena 06.09.1943 Ostrava, divadelní herečka, filmová herečka.",20020114000000.0,http://aleph.nkp.cz/F/?func=direct&doc_number=000096716&local_base=AUT,1387079,"2016-03-05 22:15:57",7040,"2016-08-24 09:45:32",84909835
ola200202388,oai:aleph-nkp.cz:AUT10-000097118,2012-06-30T22:29:46Z,"Blehárová, Helena,",1943-,NULL,NULL,"Narozena 28.06.1943 Žilina, okr. Žilina, zpěvačka.",20020114000000.0,http://aleph.nkp.cz/F/?func=direct&doc_number=000097118&local_base=AUT,1387079,"2016-03-05 22:16:15",7040,"2016-08-24 09:57:30",84913629
ola200202570,oai:aleph-nkp.cz:AUT10-000097168,2012-06-30T22:29:46Z,"Nerušilová, Věra,",1935-,NULL,NULL,"Narozena 21.04.1935 Zlín, zpěvačka.",20020114000000.0,http://aleph.nkp.cz/F/?func=direct&doc_number=000097168&local_base=AUT,1387079,"2016-03-05 22:16:06",7040,"2016-08-24 10:00:59",84914507
ola200202606,oai:aleph-nkp.cz:AUT10-000097183,2012-06-30T22:29:46Z,"Prachařová, Vlaďka,",1944-,NULL,NULL,"Narozena 23.03.1944 Brno, zpěvačka.",20020114000000.0,http://aleph.nkp.cz/F/?func=direct&doc_number=000097183&local_base=AUT,1387079,"2016-03-05 22:16:06",7040,"2016-08-24 10:01:23",84914645
ola200202672,oai:aleph-nkp.cz:AUT10-000098976,2012-06-30T22:29:51Z,"Geprtová, Libuše,",1941-2005,NULL,NULL,"Narozena 21.12.1941 Kolín, zemřela 18.11. 2005.Činoherní herečka, filmová herečka.",20060102084059.0,http://aleph.nkp.cz/F/?func=direct&doc_number=000098976&local_base=AUT,1387079,"2016-03-05 22:16:59",7040,"2016-08-24 10:02:34",84915009
ola200203027,oai:aleph-nkp.cz:AUT10-000097239,2012-06-30T22:29:46Z,"Domanínská, Libuše,",1924-,NULL,NULL,NULL,20020211000000.0,NULL,1387079,"2016-03-05 22:16:10",7040,"2016-08-24 10:07:08",NULL
ola2002111885,oai:aleph-nkp.cz:AUT10-000111885,2012-06-30T22:27:44Z,"Rozehnalová, Naděžda,",1955-,NULL,NULL,"Narozena 15.9.1955 v Kroměříži. Doc., JUDr., Csc. Právník, vysokoškolský pedagog. Publikace z oboru.",20020619144529,http://aleph.nkp.cz/F/?func=direct&doc_number=000111885&local_base=AUT,1387079,"2016-03-05 21:59:11",7040,"2016-08-24 11:56:40",31483910
ola2002113896,oai:aleph-nkp.cz:AUT10-000113896,2012-06-30T22:27:52Z,"Čeretková-Gállová, Marína,",1931-,NULL,NULL,"Narozena 26.9.1931 ve Zbehoch. Slovenská prozaička, redaktorka Čsl. rozhlasu, autorka rozhlasových her, pohádek a románů pro ženy.",20020911110555.0,http://aleph.nkp.cz/F/?func=direct&doc_number=000113896&local_base=AUT,1387079,"2016-03-05 22:00:51",7040,"2016-08-24 12:14:16",15833999
ola2002139618,oai:aleph-nkp.cz:AUT10-000139618,2012-06-30T22:30:06Z,"Brodská, Tereza,",1968-,NULL,NULL,"Narozena 7.5.1968 v Praze. Herečka.",20020711163623.0,http://aleph.nkp.cz/F/?func=direct&doc_number=000139618&local_base=AUT,1387079,"2016-03-05 22:19:21",7040,"2016-08-24 12:17:29",84953321
ola2002139952,oai:aleph-nkp.cz:AUT10-000139952,2012-06-30T22:30:07Z,"Lojdová, Kateřina,",1977-,NULL,NULL,"Narozena v roce 1977 v Praze. Absolventka hudebně dramatického oboru pražské konzervatoře. Herečka, zpěvačka.",20020725154704.0,http://aleph.nkp.cz/F/?func=direct&doc_number=000139952&local_base=AUT,1387079,"2016-03-05 22:19:38",7040,"2016-08-24 12:23:31",84954005
ola2002140000,oai:aleph-nkp.cz:AUT10-000140000,2012-06-30T22:30:07Z,"Cibulková, Vilma,",1963-,NULL,NULL,"Narozena 26.3.1963 v Ostrově nad Ohří. Herečka.",20020724153646.0,http://aleph.nkp.cz/F/?func=direct&doc_number=000140000&local_base=AUT,1387079,"2016-03-05 22:19:40",7040,"2016-08-24 12:24:15",84954242
ola2002142385,oai:aleph-nkp.cz:AUT10-000142385,2012-06-30T22:30:16Z,"Syslová, Dana,",1945-,NULL,NULL,"Narozena 11.11.1945 v Praze. Herečka, absolventka DAMU.",20020805181018.0,http://aleph.nkp.cz/F/?func=direct&doc_number=000142385&local_base=AUT,1387079,"2016-03-05 22:21:23",7040,"2016-08-24 12:32:13",84955258
ola2002146873,oai:aleph-nkp.cz:AUT10-000146873,2012-06-30T22:30:33Z,"Remundová, Theodora,",1974-,NULL,NULL,"Narozena 28.1.1974. Herečka, absolventka FAMU - obor dokumentární režie.",20021009075638.0,http://aleph.nkp.cz/F/?func=direct&doc_number=000146873&local_base=AUT,1387079,"2016-03-05 22:24:58",7040,"2016-08-24 12:52:08",84959643
ola2002147015,oai:aleph-nkp.cz:AUT10-000147015,2012-06-30T22:30:33Z,"Bebarová, Tereza,",1975-,NULL,NULL,"Narozena 8.7.1975 v Bohumíně. Herečka, zpěvačka (muzikály).",20020927152233.0,http://aleph.nkp.cz/F/?func=direct&doc_number=000147015&local_base=AUT,1387079,"2016-03-05 22:25:05",7040,"2016-08-24 12:57:36",84960359
ola2002149461,oai:aleph-nkp.cz:AUT10-000149461,2012-06-30T22:30:42Z,"Čižmárová, Valérie,",1952-2005,NULL,NULL,"Narozena 29. 1. 1952 v Michalovcích (SR),, zemřela 7. 3. 2005 v Praze. Zpěvačka, herečka.",20080109070029.0,http://aleph.nkp.cz/F/?func=direct&doc_number=000149461&local_base=AUT,1387079,"2016-03-05 22:26:55",7040,"2016-08-24 13:00:15",84960787
ola2003186297,oai:aleph-nkp.cz:AUT10-000186297,2015-05-18T06:41:24Z,"Foučková, Marta,",1937-,NULL,NULL,"Narozena 14.9.1937 v Divišově. PhDr., psycholožka a publicistka.",20150518084039.0,http://aleph.nkp.cz/F/?func=direct&doc_number=000186297&local_base=AUT,1387079,"2016-03-06 11:12:27",7040,"2016-08-24 10:36:38",84987549
ola2003201110,oai:aleph-nkp.cz:AUT10-000201110,2014-01-03T07:56:28Z,"Válková, Marie,",1901-1977,NULL,NULL,"Narozena 19. 9. 1901 ve Svoru, zemřela 12. 1. 1977 v Praze. PhDr., historička a archivářka. Práce v oboru.",20140103085527.0,http://aleph.nkp.cz/F/?func=direct&doc_number=000201110&local_base=AUT,1387079,"2016-03-06 10:20:29",7040,"2016-08-24 11:42:34",125091247
ola2004212159,oai:aleph-nkp.cz:AUT10-000212159,2012-06-30T22:30:23Z,"Terrell, Katherine",NULL,NULL,NULL,"Americká ekonomka.",20040518082619.0,http://aleph.nkp.cz/F/?func=direct&doc_number=000212159&local_base=AUT,1387079,"2016-03-05 22:22:58",7040,"2016-08-24 12:18:11",52740913
ola20050411001,oai:aleph-nkp.cz:AUT10-000280130,2012-06-30T22:31:37Z,"Bohatá, Marie,",1948-,NULL,NULL,"Narozena 21. 6. 1948 v Praze. Doc., Ing., CSc., ekonomka, publikace a články v oboru.",20050428165955.0,http://aleph.nkp.cz/F/?func=direct&doc_number=000280130&local_base=AUT,1387079,"2016-03-05 22:39:18",7040,"2016-08-24 13:07:15",26634330
ola2005298307,oai:aleph-nkp.cz:AUT10-000298307,2012-06-30T22:32:34Z,"Rezková, Šárka,",1969-,NULL,NULL,"Narozena 16. 3. 1969 v Mariánských Lázních, zpěvačka.",20080109064721.0,http://aleph.nkp.cz/F/?func=direct&doc_number=000298307&local_base=AUT,1387079,"2016-03-05 22:53:41",7040,"2016-08-24 13:31:46",85028621
ola2008434344,oai:aleph-nkp.cz:AUT10-000434344,2012-06-30T22:34:36Z,"Kaiserová, Karolina,",1983-,NULL,NULL,"Narozena 25.03.1983 v Praze. Herečka.",20090818092911.0,http://aleph.nkp.cz/F/?func=direct&doc_number=000434344&local_base=AUT,1387079,"2016-03-05 23:21:02",7040,"2016-08-24 09:58:48",264876792
ola2009531734,oai:aleph-nkp.cz:AUT10-000531734,2012-11-14T01:01:25Z,"Šilerová, Jana,",1950-,NULL,NULL,"Narozena 31. 12. 1950 ve Znojmě. Mgr., duchovní a biskupka Církve československé husitské, publicistické materiály v periodických tiskovinách církve a regionálních masmédiích.",20121113133358.0,http://aleph.nkp.cz/F/?func=direct&doc_number=000531734&local_base=AUT,1387079,"2016-03-06 00:09:49",7040,"2016-08-24 12:04:50",103114822
ola2010579907,oai:aleph-nkp.cz:AUT10-000579907,2012-06-30T22:35:33Z,"Chalánková, Jitka,",1957-,NULL,NULL,"Narozena 23.3.1957 v Bruntále. Lékařka, politička.",20100618090859.0,http://aleph.nkp.cz/F/?func=direct&doc_number=000579907&local_base=AUT,1387079,"2016-03-05 23:33:42",7040,"2016-08-24 12:28:09",121312523
ola2012733063,oai:aleph-nkp.cz:AUT10-000733063,2014-11-06T12:37:39Z,"Vránová, Leticie,",1966-,NULL,NULL,"Narozena 7. 5. 1966. Umělecká zvonařka. Dcera Marie Tomáškové-Dytrychové.",20141106133645.0,http://aleph.nkp.cz/F/?func=direct&doc_number=000733063&local_base=AUT,1387079,"2016-03-06 10:45:03",7040,"2016-08-24 09:54:44",293468174
osa2012728132,oai:aleph-nkp.cz:AUT10-000728132,2012-10-25T05:43:52Z,"Schwarzová, Anna Magdalena,",1921-,NULL,NULL,NULL,20121025074312.0,NULL,1387079,"2016-03-06 00:08:32",7040,"2016-08-24 13:24:57",NULL
osa2013761693,oai:aleph-nkp.cz:AUT10-000761693,2013-07-25T07:37:38Z,"Richtrová, Eva,",1948-,NULL,NULL,"Narodila se 11.6.1948 v Ostravě. Ing. v oboru hutním (tváření kovů), politička ČSSD (senátorka za Moravskoslezský kraj), autorsky se podílela na knize o frýdeckomísteckém hudebníkovi L. Hlavákovi.",20130725093623.0,http://aleph.nkp.cz/F/?func=direct&doc_number=000761693&local_base=AUT,1387079,"2016-03-06 10:08:01",7040,"2016-08-24 13:32:38",302410198
osd2013772687,oai:aleph-nkp.cz:AUT10-000772687,2013-08-06T06:28:59Z,"Andrsová, Jana,",1939-,NULL,NULL,"Narozena 8. 8. 1939 v Praze. Herečka.",20130806082758.0,http://aleph.nkp.cz/F/?func=direct&doc_number=000772687&local_base=AUT,1387079,"2016-03-06 10:08:44",7040,"2016-08-24 22:04:42",305103974
pag2008474924,oai:aleph-nkp.cz:AUT10-000474924,2012-06-30T22:34:13Z,"Diepoldová, Tereza,",1988-,NULL,NULL,"Narozená 1988. Handicapovaná plavkyně, účastnice Paralympijských her v Pekingu 2008.",20081209120622.0,http://aleph.nkp.cz/F/?func=direct&doc_number=000474924&local_base=AUT,1387079,"2016-03-05 23:15:09",7040,"2016-08-24 16:03:13",85077000
pna2006337977,oai:aleph-nkp.cz:AUT10-000337977,2012-06-30T22:32:46Z,"Kocurová, Jitka,",1979-,NULL,NULL,"Narozena 27.2.1979 ve Vlašimi. Modelka a herečka.",20060601084319.0,http://aleph.nkp.cz/F/?func=direct&doc_number=000337977&local_base=AUT,1387079,"2016-03-05 22:56:18",7040,"2016-08-24 23:09:51",85101190
pna2007397560,oai:aleph-nkp.cz:AUT10-000397560,2012-06-30T22:33:36Z,"Maurerová, Michaela,",1979-,NULL,NULL,"Narozena 29.9.1979 v Havířově. Herečka a moderátorka.",20071130141457.0,http://aleph.nkp.cz/F/?func=direct&doc_number=000397560&local_base=AUT,1387079,"2016-03-05 23:07:28",7040,"2016-08-24 23:47:26",85120908
pna2007424621,oai:aleph-nkp.cz:AUT10-000424621,2012-06-30T22:34:04Z,"Činčerová, Alena,",1954-,NULL,NULL,"Narozena 9.6.1954 v Brně. Scénáristka, režisérka, producentka, autorka dokumentárních filmů.",20080820091213.0,http://aleph.nkp.cz/F/?func=direct&doc_number=000424621&local_base=AUT,1387079,"2016-03-05 23:13:23",7040,"2016-08-25 04:49:01",85129222
pna2008456685,oai:aleph-nkp.cz:AUT10-000456685,2012-06-30T22:33:11Z,"Chřibková, Irena,",1959-,NULL,NULL,"Narozena 22. 7. 1959 v Bohumíně. Varhanice.",20120514201225.0,http://aleph.nkp.cz/F/?func=direct&doc_number=000456685&local_base=AUT,1387079,"2016-03-05 23:01:43",7040,"2016-08-25 05:32:42",85138231
pna2011675612,oai:aleph-nkp.cz:AUT10-000675612,2012-08-07T12:37:29Z,"Bradáčová, Lenka,",1973-,NULL,NULL,"Narozena 1. 3. 1973 v Roudnici nad Labem. JUDr., PhD., státní zástupkyně, prezidentka Unie státních zástupců.",20120807143631.0,http://aleph.nkp.cz/F/?func=direct&doc_number=000675612&local_base=AUT,1387079,"2016-03-06 00:03:08",7040,"2016-08-24 17:19:42",221180969
uk2013766801,oai:aleph-nkp.cz:AUT10-000766801,2013-08-12T09:33:54Z,"Roithová, Jana,",1974-,NULL,NULL,"Narozena 12. 11. 1974 v Ústí nad Labem. Doc., zabývá se organickou, anorganickou a fyzikální chemií, publikace v oboru.",20130812113322.0,http://aleph.nkp.cz/F/?func=direct&doc_number=000766801&local_base=AUT,1387079,"2016-03-06 10:09:08",7040,"2016-08-24 14:09:36",304632098
xx0000287,oai:aleph-nkp.cz:AUT10-000100915,2012-06-30T22:27:03Z,"Machatá, Marie,",1954-,NULL,NULL,"Narozena 9.5.1954 ve Vrchlabí. PaedDr., politička, pracuje v sociální oblasti a ve zdravotnictví.",20020124000000.0,http://aleph.nkp.cz/F/?func=direct&doc_number=000100915&local_base=AUT,1387079,"2016-03-05 21:51:53",7040,"2016-08-24 16:31:55",85308954
xx0000678,oai:aleph-nkp.cz:AUT10-000102377,2012-06-30T22:27:09Z,"Junge, Traudl,",1920-2002,NULL,NULL,"Narozena 16.3.1920 v Mnichově, zemřela v únoru 2002. Osobní sekretářka A. Hitlera, autorka pamětí.",20030604132408.0,http://aleph.nkp.cz/F/?func=direct&doc_number=000102377&local_base=AUT,1387079,"2016-03-05 21:52:43",7040,"2016-08-24 16:46:33",5184908
xx0001493,oai:aleph-nkp.cz:AUT10-000107426,2012-06-30T22:27:29Z,"Navarová, Světlana,",1956-,NULL,NULL,"Narozena 12.6.1956 v Praze. Ing., elektroinženýrka, obor technická kybernetika. Politička.",20020425104144,http://aleph.nkp.cz/F/?func=direct&doc_number=000107426&local_base=AUT,1387079,"2016-03-05 21:56:15",7040,"2016-08-24 17:21:39",85315736
xx0003220,oai:aleph-nkp.cz:AUT10-000152001,2012-06-30T22:27:19Z,"Slonková, Sabina,",1973-,NULL,NULL,"Narozena 27.6.1973 v Praze. Novinářka, redaktorka MF Dnes.",20021105134519.0,http://aleph.nkp.cz/F/?func=direct&doc_number=000152001&local_base=AUT,1387079,"2016-03-05 21:54:27",7040,"2016-08-24 23:58:40",85325437
xx0003947,oai:aleph-nkp.cz:AUT10-000158295,2012-06-30T22:27:43Z,"Balatková-Šikolová, Helena,",1949-,NULL,NULL,"Narozena 25.3.1949 v Jablonci nad Nisou. Lyžařka, běžkyně.",20030127135930.0,http://aleph.nkp.cz/F/?func=direct&doc_number=000158295&local_base=AUT,1387079,"2016-03-05 21:58:53",7040,"2016-08-25 05:09:28",85329264
xx0005349,oai:aleph-nkp.cz:AUT10-000165217,2012-06-30T22:28:11Z,"Brynychová, Ludmila,",1952-,NULL,NULL,"Narozena 27.11.1952. Ing., politička, původně zootechnička.",20030310091433.0,http://aleph.nkp.cz/F/?func=direct&doc_number=000165217&local_base=AUT,1387079,"2016-03-05 22:03:28",7040,"2016-08-24 14:05:46",85337173
xx0006619,oai:aleph-nkp.cz:AUT10-000170065,2012-06-30T22:28:33Z,"Bambasová, Daniela,",1954-,NULL,NULL,"Narozena 11.11.1954 v Praze. Herečka.",20030515102244.0,http://aleph.nkp.cz/F/?func=direct&doc_number=000170065&local_base=AUT,1387079,"2016-03-05 22:06:08",7040,"2016-08-25 06:21:42",85345165
xx0008997,oai:aleph-nkp.cz:AUT10-000182002,2012-06-30T22:29:20Z,"Čižmářová, Jana,",1950-,NULL,NULL,"Narozena 17.8.1950 v Brně. PhDr.,archeoložka - kurátorka Moravského zemského muzea v Brně, specializace doba laténská.",20030606093254.0,http://aleph.nkp.cz/F/?func=direct&doc_number=000182002&local_base=AUT,1387079,"2016-03-05 22:12:39",7040,"2016-08-24 15:09:57",194534527
xx0010371,oai:aleph-nkp.cz:AUT10-000188078,2012-06-30T22:29:44Z,"Šámalová, Barbora,",1974-,NULL,NULL,"Narozena 1974 v Praze. Novinářka a reportérka.",20030626144515.0,http://aleph.nkp.cz/F/?func=direct&doc_number=000188078&local_base=AUT,1387079,"2016-03-05 22:15:51",7040,"2016-08-24 15:41:07",75700295
xx0010609,oai:aleph-nkp.cz:AUT10-000190578,2012-06-30T22:29:54Z,"Fibingerová, Helena,",1949-,NULL,NULL,"Narozena 13.7.1949. Česká atletka, reprezentantka ve vrhu koulí.",20030717091722.0,http://aleph.nkp.cz/F/?func=direct&doc_number=000190578&local_base=AUT,1387079,"2016-03-05 22:17:30",7040,"2016-08-24 15:48:26",85369701
xx0011565,oai:aleph-nkp.cz:AUT10-000195127,2012-06-30T22:30:11Z,"Toušlová, Iveta,",1968-,NULL,NULL,"Narozena 2.8.1968 ve Vimperku. Redaktorka a moderátorka České televize.",20031104092336.0,http://aleph.nkp.cz/F/?func=direct&doc_number=000195127&local_base=AUT,1387079,"2016-03-05 22:20:29",7040,"2016-08-24 16:20:06",85375160
xx0011985,oai:aleph-nkp.cz:AUT10-000198597,2012-06-30T22:30:25Z,"Salačová, Jiřina,",1920-1991,NULL,NULL,"Narozena 14.5.1920 v Terezíně, zemřela 1991. Zpěvačka.",20040609154121.0,http://aleph.nkp.cz/F/?func=direct&doc_number=000198597&local_base=AUT,1387079,"2016-03-05 22:23:24",7040,"2016-08-24 16:36:52",85377621
xx0014105,oai:aleph-nkp.cz:AUT10-000206738,2012-06-30T22:30:02Z,"Nováková, Eva,",1938-,NULL,NULL,"Narozena 18.1.1938 v Martině (Slovensko).MUDr., politička, aktivistka Klubu UNESCO Kroměříž a koordinátorka hudebního života města Kroměříže. V letech 1990-1998 poslankyně a senátorka. Články v regionálním tisku.",20031211152839.0,http://aleph.nkp.cz/F/?func=direct&doc_number=000206738&local_base=AUT,1387079,"2016-03-05 22:18:43",7040,"2016-08-24 17:48:49",85390853
xx0017936,oai:aleph-nkp.cz:AUT10-000220611,2012-06-30T22:30:55Z,"Robbová, Jana,",1951-1996,NULL,NULL,"Narozena 4.4.1951 v Praze, zemřela 4.8.1996. Zpěvačka.",20040310152043.0,http://aleph.nkp.cz/F/?func=direct&doc_number=000220611&local_base=AUT,1387079,"2016-03-05 22:29:25",7040,"2016-08-24 21:50:56",85413980
xx0018362,oai:aleph-nkp.cz:AUT10-000222414,2012-06-30T22:31:02Z,"Jordánová, Zdeňka,",1956-,NULL,NULL,"Narozena 1956 v Praze. Ing., kinezioložka, pořádá vzdělávací kurzy metody One Brain (Jednotný mozek).",20040423132417.0,http://aleph.nkp.cz/F/?func=direct&doc_number=000222414&local_base=AUT,1387079,"2016-03-05 22:30:54",7040,"2016-08-24 22:03:46",85416218
xx0019202,oai:aleph-nkp.cz:AUT10-000228029,2012-06-30T22:31:23Z,"Blechová, Olga,",1948-,NULL,NULL,"Narozena 2.10.1948. Česká zpěvačka.",20090930094551.0,http://aleph.nkp.cz/F/?func=direct&doc_number=000228029&local_base=AUT,1387079,"2016-03-05 22:35:48",7040,"2016-08-24 22:30:48",85421942
xx0019825,oai:aleph-nkp.cz:AUT10-000230816,2012-06-30T22:31:33Z,"Páralová, Alena,",1948-,NULL,NULL,"Narozena v r. 1948. Poslankyně Parlamentu České republiky za ODS, stínová ministryně práce a sociálních věcí.",20040604162101.0,http://aleph.nkp.cz/F/?func=direct&doc_number=000230816&local_base=AUT,1387079,"2016-03-05 22:38:17",7040,"2016-08-24 22:53:15",85425706
xx0020286,oai:aleph-nkp.cz:AUT10-000232896,2014-01-21T01:01:28Z,"Marksová-Tominová, Michaela,",1969-,NULL,NULL,"Narozena 20. 3. 1969 v Praze. Mgr., odbornice v oblasti genderu a lidských práv, politička, autorka prací z oboru.",20140120080540.0,http://aleph.nkp.cz/F/?func=direct&doc_number=000232896&local_base=AUT,1387079,"2016-03-06 10:21:20",7040,"2016-08-24 23:07:35",85428732
xx0021122,oai:aleph-nkp.cz:AUT10-000236595,2012-06-30T22:31:53Z,"Janoušková, Aťka,",1930-,NULL,NULL,"Narozena 16.3.1930 Praha. Herečka a zpěvačka.",20040719162822.0,http://aleph.nkp.cz/F/?func=direct&doc_number=000236595&local_base=AUT,1387079,"2016-03-05 22:44:07",7040,"2016-08-24 23:34:57",85434123
xx0022842,oai:aleph-nkp.cz:AUT10-000243752,2012-06-30T22:32:20Z,"Cortésová, Dáša,",1947-,NULL,NULL,"Narozena 13. 8. 1947 v Praze. Dcera R. Cortése, zpěvačka, spoluautorka vzpomínek.",20061228103121.0,http://aleph.nkp.cz/F/?func=direct&doc_number=000243752&local_base=AUT,1387079,"2016-03-05 22:50:38",7040,"2016-08-24 15:43:26",35624917
xx0024490,oai:aleph-nkp.cz:AUT10-000250330,2012-06-30T22:29:56Z,"Šmídová, Lenka,",1975-,NULL,NULL,"Narozena 26.3.1975 v Havlíčkově Brodě. Bakalářka ekonomie, jachtařka.",20041007150823.0,http://aleph.nkp.cz/F/?func=direct&doc_number=000250330&local_base=AUT,1387079,"2016-03-05 22:17:44",7040,"2016-08-24 16:36:15",85453747
xx0025937,oai:aleph-nkp.cz:AUT10-000255558,2012-06-30T22:30:15Z,"Haščáková, Barbara,",1979-,NULL,NULL,"Slovenská zpěvačka, členka hudební skupiny MC Erik a Barbara.",20041206154131.0,http://aleph.nkp.cz/F/?func=direct&doc_number=000255558&local_base=AUT,1387079,"2016-03-05 22:21:11",7040,"2016-08-24 17:16:10",85462040
xx0029016,oai:aleph-nkp.cz:AUT10-000269310,2012-06-30T22:31:02Z,"Dohnálková, Hana,",1980-,NULL,NULL,"Narozena 29. 3. 1980. Grafička.",20050119082640.0,http://aleph.nkp.cz/F/?func=direct&doc_number=000269310&local_base=AUT,1387079,"2016-03-05 22:30:59",7040,"2016-08-24 14:26:39",85478402
xx0031499,oai:aleph-nkp.cz:AUT10-000278409,2013-01-29T01:01:22Z,"Kodetová, Barbora,",1970-,NULL,NULL,"Narozena 6. 9. 1970 v Praze. Herečka.",20130128090356.0,http://aleph.nkp.cz/F/?func=direct&doc_number=000278409&local_base=AUT,1387079,"2016-03-06 09:57:04",7040,"2016-08-25 05:59:29",85493875
xx0032739,oai:aleph-nkp.cz:AUT10-000287494,2014-09-02T09:41:41Z,"Charanzová, Dita,",1975-,NULL,NULL,"Narozena 30. 4. 1975 v Praze. Ing. ekonomie, magistra mezinárodních vztahů, diplomatka, manažerka a politička, věnuje se problematice Evropské unie.",20140902114013.0,http://aleph.nkp.cz/F/?func=direct&doc_number=000287494&local_base=AUT,1387079,"2016-03-06 10:37:51",7040,"2016-08-25 04:49:47",85501803
xx0033362,oai:aleph-nkp.cz:AUT10-000290685,2012-06-30T22:32:08Z,"Najma,",1962-,NULL,NULL,"Zpěvačka, worldbeat, hudba k filmům.",20050919172620.0,http://aleph.nkp.cz/F/?func=direct&doc_number=000290685&local_base=AUT,1387079,"2016-03-05 22:48:16",7040,"2016-08-24 19:59:20",2658461
xx0034637,oai:aleph-nkp.cz:AUT10-000295831,2012-06-30T22:32:27Z,"Stočesová, Kateřina,",1979-,NULL,NULL,"Narozena 14.10.1979. Modelka.",20050805125911.0,http://aleph.nkp.cz/F/?func=direct&doc_number=000295831&local_base=AUT,1387079,"2016-03-05 22:51:59",7040,"2016-08-24 20:48:04",85515109
xx0035330,oai:aleph-nkp.cz:AUT10-000299992,2012-06-30T22:32:39Z,"Homolová, Zuzana,",1948-,NULL,NULL,"Slovenská folková písničkářka.",20060609095102.0,http://aleph.nkp.cz/F/?func=direct&doc_number=000299992&local_base=AUT,1387079,"2016-03-05 22:54:47",7040,"2016-08-24 15:14:33",85519636
xx0035419,oai:aleph-nkp.cz:AUT10-000300130,2012-06-30T22:30:32Z,"Zárybnická, Alena,",1969-,NULL,NULL,"Narozena 5.12.1969 v Praze. Redaktorka a moderátorka meteorologického zpravodajství.",20070821152028.0,http://aleph.nkp.cz/F/?func=direct&doc_number=000300130&local_base=AUT,1387079,"2016-03-05 22:24:46",7040,"2016-08-24 15:17:07",85520178
xx0040252,oai:aleph-nkp.cz:AUT10-000326207,2012-06-30T22:32:01Z,"Pollertová-Trojanová, Klára,",1971-,NULL,NULL,"Narozena 17. 9. 1971. Herečka.",20060206120414.0,http://aleph.nkp.cz/F/?func=direct&doc_number=000326207&local_base=AUT,1387079,"2016-03-05 22:46:20",7040,"2016-08-24 14:11:54",85552682
xx0040800,oai:aleph-nkp.cz:AUT10-000329357,2012-06-30T22:32:13Z,"Beňačková, Marta,",1953-,NULL,NULL,"Slovenská operní pěvkyně, VŠ pedagožka.",20060714114842.0,http://aleph.nkp.cz/F/?func=direct&doc_number=000329357&local_base=AUT,1387079,"2016-03-05 22:49:28",7040,"2016-08-24 17:17:24",2663869
xx0043735,oai:aleph-nkp.cz:AUT10-000340536,2012-06-30T22:32:58Z,"Ebertová, Jana,",1920-2010,NULL,NULL,"Narozena 7. 5. 1920 v Praze, zemřela 10. 11. 2010 v Brně. Herečka.",20120523124622.0,http://aleph.nkp.cz/F/?func=direct&doc_number=000340536&local_base=AUT,1387079,"2016-03-05 22:58:51",7040,"2016-08-24 21:42:44",85577237
xx0044072,oai:aleph-nkp.cz:AUT10-000341506,2012-06-30T22:33:03Z,"Nedvědická, Blanka,",1962-,NULL,NULL,"Narozena 29.1.1962 v Rakovníku. Sportovkyně, horolezkyně.",20060720135945.0,http://aleph.nkp.cz/F/?func=direct&doc_number=000341506&local_base=AUT,1387079,"2016-03-05 22:59:56",7040,"2016-08-24 21:52:14",85579392
xx0045423,oai:aleph-nkp.cz:AUT10-000345032,2012-06-30T22:33:16Z,"Kajnarová, Zuzana,",1982-,NULL,NULL,"Narozena 17.6. 1982 v Ostravě. Herečka.",20071211145650.0,http://aleph.nkp.cz/F/?func=direct&doc_number=000345032&local_base=AUT,1387079,"2016-03-05 23:02:56",7040,"2016-08-24 22:24:49",85586751
xx0046890,oai:aleph-nkp.cz:AUT10-000349223,2013-11-11T07:10:58Z,"Lorencová, Jana,",1940-,NULL,NULL,"Narozena 2. 4. 1940 v obci Biskupice-Pulkov (okr. Třebíč). Novinářka a politička, redaktorka České televize.",20131111081020.0,http://aleph.nkp.cz/F/?func=direct&doc_number=000349223&local_base=AUT,1387079,"2016-03-06 10:17:31",7040,"2016-08-24 23:05:44",85596197
xx0049241,oai:aleph-nkp.cz:AUT10-000354623,2012-06-30T22:31:05Z,"Geislerová, Ester,",1984-,NULL,NULL,"Narozena 5. 3. 1984 v Praze. Herečka, modelka a výtvarnice.",20061012150444.0,http://aleph.nkp.cz/F/?func=direct&doc_number=000354623&local_base=AUT,1387079,"2016-03-05 22:31:38",7040,"2016-08-24 15:31:37",85613510
xx0067501,oai:aleph-nkp.cz:AUT10-000417020,2014-10-13T06:11:07Z,"Liška-Boková, Kristýna,",1981-,NULL,NULL,"Narozena 23. 7. 1981 v Hradci Králové. Tanečnice, herečka.",20141013081025.0,http://aleph.nkp.cz/F/?func=direct&doc_number=000417020&local_base=AUT,1387079,"2016-03-06 10:41:48",7040,"2016-08-24 17:16:04",85740428
xx0072345,oai:aleph-nkp.cz:AUT10-000434767,2012-06-30T22:34:38Z,"Špráchalová, Kamila,",1971-,NULL,NULL,"Narozena 5. 9. 1971 v Praze. Herečka.",20081003081642.0,http://aleph.nkp.cz/F/?func=direct&doc_number=000434767&local_base=AUT,1387079,"2016-03-05 23:21:21",7040,"2016-08-24 21:59:12",85771270
xx0072931,oai:aleph-nkp.cz:AUT10-000436907,2012-06-30T22:34:44Z,"Charvátová, Olga,",1962-,NULL,NULL,"Narozena 11. 6. 1962 ve Zlíně. Lyžařka.",20080616140037.0,http://aleph.nkp.cz/F/?func=direct&doc_number=000436907&local_base=AUT,1387079,"2016-03-05 23:22:46",7040,"2016-08-24 22:14:32",85775245
xx0073711,oai:aleph-nkp.cz:AUT10-000439106,2013-04-30T05:40:23Z,"Friedrichová, Helena,",1955-2002,NULL,NULL,"Narozena 19. 6. 1955 v Praze, zemřela 4. 2. 2002 tamtéž. Česká divadelní herečka.",20130430073943.0,http://aleph.nkp.cz/F/?func=direct&doc_number=000439106&local_base=AUT,1387079,"2016-03-06 10:03:19",7040,"2016-08-24 22:36:36",85781098
xx0078312,oai:aleph-nkp.cz:AUT10-000452908,2013-05-07T10:14:16Z,"Brennan, Kathleen",NULL,NULL,NULL,"Americká hudebnice, hudební producentka, skladatelka a malířka, manželka hudebníka Toma Waitse.",20130507121251.0,http://aleph.nkp.cz/F/?func=direct&doc_number=000452908&local_base=AUT,1387079,"2016-03-06 10:03:40",7040,"2016-08-24 15:55:21",94989290
xx0078929,oai:aleph-nkp.cz:AUT10-000454577,2012-06-30T22:33:02Z,"Petrů, Jana,",1938-1990,NULL,NULL,"Narozena 14. 7. 1938 v Praze, zemřela 6. 5. 1990. Zpěvačka (swing, jazz, pop) působící v 60. letech 20. století. Na začátku 70. let odchází z hudební scény.",20100615122512.0,http://aleph.nkp.cz/F/?func=direct&doc_number=000454577&local_base=AUT,1387079,"2016-03-05 22:59:52",7040,"2016-08-24 16:14:42",85820104
xx0078986,oai:aleph-nkp.cz:AUT10-000454712,2012-06-30T22:33:03Z,"Pleštilová, Miroslava,",1966-,NULL,NULL,"Narozena 27. 1. 1966. Herečka.",20090403085238.0,http://aleph.nkp.cz/F/?func=direct&doc_number=000454712&local_base=AUT,1387079,"2016-03-05 22:59:57",7040,"2016-08-24 16:15:54",85820492
xx0082867,oai:aleph-nkp.cz:AUT10-000471395,2012-06-30T22:34:01Z,"Sehnalová, Olga,",1941-,NULL,NULL,"Narozena 1941. Inženýrka agronomie. Komunální politička, poslankyně PSP ČR v letech 1996-2002.",20080902165433.0,http://aleph.nkp.cz/F/?func=direct&doc_number=000471395&local_base=AUT,1387079,"2016-03-05 23:12:41",7040,"2016-08-24 23:20:08",85847523
xx0087922,oai:aleph-nkp.cz:AUT10-000491324,2012-06-30T22:35:03Z,"Ďurovičová-Kovářová, Marie,",1927-,NULL,NULL,"Narozena 11. 5. 1927 v Lulči u Vyškova. Sportovní gymnastka. Držitelka zlaté medaile z OH 1948 v Londýně.",20090306123449.0,http://aleph.nkp.cz/F/?func=direct&doc_number=000491324&local_base=AUT,1387079,"2016-03-05 23:27:01",7040,"2016-08-25 06:10:14",85885288
xx0087992,oai:aleph-nkp.cz:AUT10-000491393,2015-07-21T00:01:21Z,"Misáková, Miloslava,",1922-2015,"sportovní gymnastika",trenérky,"Narozena 25. 2. 1922 v Horákově (nyní Mokrá-Horákov), zemřela 1. 7. 2015. Sportovní gymnastka, trenérka.",20150720100816.0,http://aleph.nkp.cz/F/?func=direct&doc_number=000491393&local_base=AUT,1387079,"2016-03-06 11:17:11",7040,"2016-08-25 06:11:43",85885827
xx0093670,oai:aleph-nkp.cz:AUT10-000506661,2012-06-30T22:33:59Z,"Svobodová, Alena,",1948-,NULL,NULL,"Narozena 11.5.1948 v Přehýšově. Autorka básní pro děti, původní profesí asistentka hygienické služby.",20100429091718.0,http://aleph.nkp.cz/F/?func=direct&doc_number=000506661&local_base=AUT,1387079,"2016-03-05 23:12:18",7040,"2016-08-24 16:52:53",85927230
xx0094978,oai:aleph-nkp.cz:AUT10-000514089,2012-08-16T09:42:05Z,"Schmiedbergerová, Renata",NULL,NULL,NULL,"MUDr., primářka Dermatovenerologické kliniky 2. LF UK a FN Na Bulovce (její přednostka v letech 1999-2004). Publikuje v oboru.",20120816114114.0,http://aleph.nkp.cz/F/?func=direct&doc_number=000514089&local_base=AUT,1387079,"2016-03-06 00:03:50",7040,"2016-08-24 17:29:28",86424424
xx0095078,oai:aleph-nkp.cz:AUT10-000514607,2012-06-30T22:34:27Z,"Thielová, Valentina,",1933-,NULL,NULL,"Narozena 12. března 1933 v Praze. Herečka.",20110505075347.0,http://aleph.nkp.cz/F/?func=direct&doc_number=000514607&local_base=AUT,1387079,"2016-03-05 23:18:43",7040,"2016-08-24 17:32:00",86425010
xx0096500,oai:aleph-nkp.cz:AUT10-000518148,2014-02-15T01:01:57Z,"Erbanová, Rozita,",1989-,NULL,NULL,"Narozena 24. 8. 1989 v Praze. Herečka a dabérka.",20140214093137.0,http://aleph.nkp.cz/F/?func=direct&doc_number=000518148&local_base=AUT,1387079,"2016-03-06 10:22:39",7040,"2016-08-24 20:40:33",88584282
xx0101859,oai:aleph-nkp.cz:AUT10-000534734,2012-07-20T20:10:26Z,"Rögnerová, Helena,",1955-,NULL,NULL,"Narozena 13.1.1955 v Hořicích v Podkrkonoší. Je absolventkou VŠE v Praze (1978). V letech 1996-1999 ředitelka Fakultní nemocnice v Praze-Motole, oceněná titulem Manažer roku 1999. Senátorka v letech 2000-2005.",20120719133632.0,http://aleph.nkp.cz/F/?func=direct&doc_number=000534734&local_base=AUT,1387079,"2016-03-06 00:01:46",7040,"2016-08-24 15:28:32",96951209
xx0103662,oai:aleph-nkp.cz:AUT10-000539089,2012-06-30T22:35:49Z,"Mertinová, Marcela,",1961-,NULL,NULL,"Narozena 20. 5. 1961 v Ústí nad Labem. Učitelka, speciální pedagožka, poslankyně.",20100820125258.0,http://aleph.nkp.cz/F/?func=direct&doc_number=000539089&local_base=AUT,1387079,"2016-03-05 23:37:03",7040,"2016-08-24 16:22:01",100873847
xx0105052,oai:aleph-nkp.cz:AUT10-000544920,2012-06-30T22:36:09Z,"Kreuzmannová, Alena,",1929-1993,NULL,NULL,"Narozena 15.10.1929 v Praze, zemřela 12.4.1993 v Praze. Herečka.",20100621115049.0,http://aleph.nkp.cz/F/?func=direct&doc_number=000544920&local_base=AUT,1387079,"2016-03-05 23:41:39",7040,"2016-08-24 16:59:16",101605192
xx0107099,oai:aleph-nkp.cz:AUT10-000548764,2012-10-09T00:01:05Z,"Venhodová, Alena,",1953-,NULL,NULL,"Narozena 28.12.1953 v Hodoníně. MUDr., stomatoložka, od r. 2004 senátorka za ODS.",20121008084459.0,http://aleph.nkp.cz/F/?func=direct&doc_number=000548764&local_base=AUT,1387079,"2016-03-06 00:07:26",7040,"2016-08-24 17:59:13",103130011
xx0119794,oai:aleph-nkp.cz:AUT10-000583658,2013-09-16T08:50:44Z,"Stryková, Jana,",1979-,NULL,NULL,"Narozena 22. 4. 1979 v Brně. Herečka.",20130916104944.0,http://aleph.nkp.cz/F/?func=direct&doc_number=000583658&local_base=AUT,1387079,"2016-03-06 10:13:05",7040,"2016-08-24 20:08:43",122342325
xx0123758,oai:aleph-nkp.cz:AUT10-000595960,2012-06-30T22:36:25Z,"Volemanová, Šárka,",1974-,NULL,NULL,"Narozena 1974. Moderátorka, scénáristka, studentka oboru sociální a masová komunikace na Univerzitě J.A. Komenského.",20100907122614.0,http://aleph.nkp.cz/F/?func=direct&doc_number=000595960&local_base=AUT,1387079,"2016-03-05 23:44:49",7040,"2016-08-24 21:59:57",123666617
xx0130780,oai:aleph-nkp.cz:AUT10-000618271,2012-06-30T22:36:35Z,"Rippelová, Jiřina,",1958-,NULL,NULL,"Narozena 4. 12. 1958 v Sušici. JUDr., právnička, politička, senátorka Parlamentu České republiky.",20110530100622.0,http://aleph.nkp.cz/F/?func=direct&doc_number=000618271&local_base=AUT,1387079,"2016-03-05 23:46:42",7040,"2016-08-24 19:50:13",162395567
xx0134339,oai:aleph-nkp.cz:AUT10-000631851,2012-06-30T22:37:21Z,"Domanská, Denisa,",1992-,NULL,NULL,"Narozena 24. 3. 1992 v Kyjově. Česká Miss World, studentka a modelka.",20110602144238.0,http://aleph.nkp.cz/F/?func=direct&doc_number=000631851&local_base=AUT,1387079,"2016-03-05 23:52:43",7040,"2016-08-25 05:46:52",169219207
xx0140298,oai:aleph-nkp.cz:AUT10-000655927,2014-04-29T07:23:33Z,"Ondrová, Irena,",1949-,NULL,NULL,"Narozena 19. 6. 1949 v Ervjenicích. PhDr., politička a učitelka. Vystudovala kulturologii.",20140429092323.0,http://aleph.nkp.cz/F/?func=direct&doc_number=000655927&local_base=AUT,1387079,"2016-03-06 10:27:07",7040,"2016-08-25 05:50:25",183420993
xx0141492,oai:aleph-nkp.cz:AUT10-000660524,2012-06-30T22:36:11Z,"Rosenbergová, Martina,",1966-,NULL,NULL,"Narozena 25. 7. 1966 v Liberci. Komunální politička, primátorka města Liberce.",20120424115004.0,http://aleph.nkp.cz/F/?func=direct&doc_number=000660524&local_base=AUT,1387079,"2016-03-05 23:42:08",7040,"2016-08-25 04:54:24",180987585
xx0143000,oai:aleph-nkp.cz:AUT10-000667764,2013-07-08T06:48:31Z,"Machaidze, Nino,",1983-,NULL,NULL,"Gruzínská sopranistka.",20130708084749.0,http://aleph.nkp.cz/F/?func=direct&doc_number=000667764&local_base=AUT,1387079,"2016-03-06 10:06:52",7040,"2016-08-24 20:00:40",83621912
xx0146186,oai:aleph-nkp.cz:AUT10-000681872,2012-06-30T22:37:29Z,"Frösslová, Markéta,",1987-,NULL,NULL,"Narozena 2. 7. 1987 v Praze. Herečka.",20120220160012.0,http://aleph.nkp.cz/F/?func=direct&doc_number=000681872&local_base=AUT,1387079,"2016-03-05 23:53:33",7040,"2016-08-24 21:40:51",223807047
xx0150017,oai:aleph-nkp.cz:AUT10-000698987,2013-08-14T00:01:32Z,"Podzámska, Elena,",1972-,NULL,NULL,"Slovenská herečka.",20130813090812.0,http://aleph.nkp.cz/F/?func=direct&doc_number=000698987&local_base=AUT,1387079,"2016-03-06 10:09:21",7040,"2016-08-24 23:32:27",249752515
xx0151863,oai:aleph-nkp.cz:AUT10-000704031,2014-12-01T14:12:44Z,"Hašková, Monika,",1968-,NULL,NULL,"Narozena 15. 11. 1968 v Benešově. Tlumočnice, moderátorka, scenáristka, režisérka a politička.",20141201151145.0,http://aleph.nkp.cz/F/?func=direct&doc_number=000704031&local_base=AUT,1387079,"2016-03-06 10:47:25",7040,"2016-08-25 06:21:35",250967800
xx0157841,oai:aleph-nkp.cz:AUT10-000722207,2012-09-24T09:02:33Z,"Čapková, Zuzana,",1975-,NULL,NULL,"Slovenská herečka.",20120924104638.3,http://aleph.nkp.cz/F/?func=direct&doc_number=000722207&local_base=AUT,1387079,"2016-03-06 00:06:08",7040,"2016-08-24 22:10:47",265841136
xx0160798,oai:aleph-nkp.cz:AUT10-000731428,2012-11-08T14:16:57Z,"Livorová, Zlatica,",1940-,NULL,NULL,"Slovenská pěvkyně a vokální pedagožka.",20121108151428.3,http://aleph.nkp.cz/F/?func=direct&doc_number=000731428&local_base=AUT,1387079,"2016-03-06 00:09:30",7040,"2016-08-24 23:52:03",281363001
xx0160815,oai:aleph-nkp.cz:AUT10-000731450,2012-11-08T15:17:00Z,"Onufráková, Zuzana,",1981-,NULL,NULL,"Slovenská herečka.",20121108161429.7,http://aleph.nkp.cz/F/?func=direct&doc_number=000731450&local_base=AUT,1387079,"2016-03-06 00:09:30",7040,"2016-08-24 23:53:13",287759672
xx0162546,oai:aleph-nkp.cz:AUT10-000736182,2012-12-06T12:03:50Z,"Marková, Soňa,",1963-,NULL,NULL,"Narozena 25. 2. 1963 v Hradci Králové. Mgr., poslankyně Poslanecké sněmovny parlamentu České republiky, pedagožka, trenérka a cvičitelka plavání.",20121206130311.0,http://aleph.nkp.cz/F/?func=direct&doc_number=000736182&local_base=AUT,1387079,"2016-03-06 00:11:28",7040,"2016-08-25 04:49:46",293464350
xx0165660,oai:aleph-nkp.cz:AUT10-000746271,2014-02-04T13:28:57Z,"Sereny, Gitta,",1921-2012,NULL,NULL,"Britská novinářka, spisovatelka, autorka biografií.",20140204142812.0,http://aleph.nkp.cz/F/?func=direct&doc_number=000746271&local_base=AUT,1387079,"2016-03-06 10:22:06",7040,"2016-08-24 20:17:54",61552226
xx0166552,oai:aleph-nkp.cz:AUT10-000750318,2013-04-16T05:34:55Z,"Brzobohatá, Zuzana,",1962-,NULL,NULL,"Narozena 11. 7. 1962 v Brně. Ing. Bc., elektroinženýrka, politička a europoslankyně.",20130416073413.0,http://aleph.nkp.cz/F/?func=direct&doc_number=000750318&local_base=AUT,1387079,"2016-03-06 10:02:29",7040,"2016-08-24 20:47:56",297744236
xx0168096,oai:aleph-nkp.cz:AUT10-000754367,2013-04-05T13:17:22Z,"Míčová, Gabriela,",1975-,NULL,NULL,"Narozena 25. 2. 1975 v Prostějově. Herečka.",20130405150822.2,http://aleph.nkp.cz/F/?func=direct&doc_number=000754367&local_base=AUT,1387079,"2016-03-06 10:01:57",7040,"2016-08-24 21:40:09",299546142
xx0168344,oai:aleph-nkp.cz:AUT10-000755059,2013-04-22T12:10:56Z,"Pecková, Gabriela,",1957-,NULL,NULL,"Narozena 19. 1. 1957. MUDr. Působila ve Výzkumném ústavu chorob revmatických a Fakultní nemocnici Královské Vinohrady. Od roku 1994 má soukromou lékařskou praxi. V roce 2010 byla za TOP 09 zvolena poslankyní Parlamentu ČR.",20130422140942.0,http://aleph.nkp.cz/F/?func=direct&doc_number=000755059&local_base=AUT,1387079,"2016-03-06 10:02:50",7040,"2016-08-24 21:46:51",299620956
xx0168865,oai:aleph-nkp.cz:AUT10-000757088,2013-04-22T10:17:16Z,"Gáborová, Adela,",1940-2007,NULL,NULL,"Slovenská herečka.",20130422120209.5,http://aleph.nkp.cz/F/?func=direct&doc_number=000757088&local_base=AUT,1387079,"2016-03-06 10:02:49",7040,"2016-08-24 22:04:22",299829051
xx0172177,oai:aleph-nkp.cz:AUT10-000768372,2013-06-27T05:02:23Z,"Martvoňová, Anna,",1922-1990,NULL,NULL,"Slovenská operní pěvkyně (soprán).",20130626194210.5,http://aleph.nkp.cz/F/?func=direct&doc_number=000768372&local_base=AUT,1387079,"2016-03-06 10:06:18",7040,"2016-08-24 23:55:37",304160744
xx0174544,oai:aleph-nkp.cz:AUT10-000777456,2013-09-04T00:01:00Z,"Lukešová, Jela,",1930-2012,NULL,NULL,"Slovenská herečka.",20130903075728.0,http://aleph.nkp.cz/F/?func=direct&doc_number=000777456&local_base=AUT,1387079,"2016-03-06 10:11:21",7040,"2016-08-25 05:44:09",305219599
xx0175228,oai:aleph-nkp.cz:AUT10-000779492,2013-09-04T07:32:02Z,"Griffiths, Rachel,",1968-,NULL,NULL,"Australská filmová a televizní herečka.",20130904092641.2,http://aleph.nkp.cz/F/?func=direct&doc_number=000779492&local_base=AUT,1387079,"2016-03-06 10:11:22",7040,"2016-08-25 06:13:17",2670368
xx0178295,oai:aleph-nkp.cz:AUT10-000788733,2013-12-04T11:15:48Z,"Jourová, Věra,",1964-,NULL,NULL,"Narozena 18. 8. 1964 v Třebíči. Mgr. et Mgr., politička, podnikatelka, právnička.",20131204121508.0,http://aleph.nkp.cz/F/?func=direct&doc_number=000788733&local_base=AUT,1387079,"2016-03-06 10:19:17",7040,"2016-08-24 21:27:49",305386756
xx0178734,oai:aleph-nkp.cz:AUT10-000790466,2013-10-25T09:02:07Z,"Velická, Helena,",1979-,NULL,NULL,"Narozena 4.4.1979 v Praze. Hudebnice, violoncellistka a sbormistryně.",20131025104818.8,http://aleph.nkp.cz/F/?func=direct&doc_number=000790466&local_base=AUT,1387079,"2016-03-06 10:16:28",7040,"2016-08-24 21:40:34",305386980
xx0179028,oai:aleph-nkp.cz:AUT10-000791298,2013-10-30T16:32:33Z,"Sedgwick, Edie,",1943-1971,NULL,NULL,"Americká herečka a modelka.",20131030172215.5,http://aleph.nkp.cz/F/?func=direct&doc_number=000791298&local_base=AUT,1387079,"2016-03-06 10:16:45",7040,"2016-08-24 21:49:50",72565776
xx0180715,oai:aleph-nkp.cz:AUT10-000796621,2013-11-26T11:02:19Z,"Boková, Jenovéfa,",1992-,NULL,NULL,"Narozena 1992. Herečka a houslistka.",20131126115226.3,http://aleph.nkp.cz/F/?func=direct&doc_number=000796621&local_base=AUT,1387079,"2016-03-06 10:18:42",7040,"2016-08-24 22:48:13",305465650
xx0189065,oai:aleph-nkp.cz:AUT10-000839147,2015-08-06T08:58:39Z,"Minichová, Milena,",1982-,"herectví, zpěv","divadelní herečky, filmové herečky, zpěvačky","Slovenská divadelní a filmová herečka, též zpěvačka.",20150806105739.0,http://aleph.nkp.cz/F/?func=direct&doc_number=000839147&local_base=AUT,1387079,"2016-03-06 11:18:18",7040,"2016-08-24 21:09:26",310735551
xx0190598,oai:aleph-nkp.cz:AUT10-000846559,2014-11-11T12:54:12Z,"Zemanová, Ivana,",1965-,NULL,NULL,"Narozena 29. 4. 1965 v Novém Městě na Moravě. Manželka prezidenta Miloše Zemana.",20141111135322.0,http://aleph.nkp.cz/F/?func=direct&doc_number=000846559&local_base=AUT,1387079,"2016-03-06 10:45:33",7040,"2016-08-24 21:58:45",311792965
xx0192418,oai:aleph-nkp.cz:AUT10-000856961,2015-02-25T08:43:36Z,"Kašáková, Veronika,",1989-,NULL,NULL,"Narozena 6. 11. 1989 v Praze. Modelka, autorka autobiografie.",20150225094236.0,http://aleph.nkp.cz/F/?func=direct&doc_number=000856961&local_base=AUT,1387079,"2016-03-06 10:54:36",7040,"2016-08-24 22:56:27",313512894
xx0194385,oai:aleph-nkp.cz:AUT10-000871042,2015-05-30T00:01:47Z,"Lysenková, Růžena,",1918-2013,NULL,herečky,"Narozena 26. 12. 1918 v Diosgyör (Maďarsko), zemřela 6. 9. 2013 v Praze. Herečka.",20150529155832.0,http://aleph.nkp.cz/F/?func=direct&doc_number=000871042&local_base=AUT,1387079,"2016-03-06 11:13:37",7040,"2016-08-24 23:54:02",316391454
